"Time","node_exporter:9100","orderer.dwntp.com:8443","peer0.org1.dwntp.com:9443","peer1.org1.dwntp.com:9443","peer10.org1.dwntp.com:9443","peer11.org1.dwntp.com:9443","peer12.org1.dwntp.com:9443","peer13.org1.dwntp.com:9443","peer14.org1.dwntp.com:9443","peer15.org1.dwntp.com:9443","peer2.org1.dwntp.com:9443","peer3.org1.dwntp.com:9443","peer4.org1.dwntp.com:9443","peer5.org1.dwntp.com:9443","peer6.org1.dwntp.com:9443","peer7.org1.dwntp.com:9443","peer8.org1.dwntp.com:9443","peer9.org1.dwntp.com:9443"
2026-04-20 10:04:25,18.0 MiB,,,,,,,,,,,,,,,,,
2026-04-20 10:04:30,22.9 MiB,39.3 MiB,,,,,,,,,,,,,,,,
2026-04-20 10:04:35,23.3 MiB,45.7 MiB,63.9 MiB,64.2 MiB,,,,,,,,,,,,,,
2026-04-20 10:04:40,22.8 MiB,45.7 MiB,70.5 MiB,68.9 MiB,,,,,,,,,,,,,,
2026-04-20 10:04:45,22.9 MiB,49.8 MiB,73.0 MiB,73.2 MiB,,,,,,,,,,,,,,
2026-04-20 10:04:50,22.9 MiB,51.8 MiB,77.1 MiB,75.4 MiB,,,,,,,,,,,,,,
2026-04-20 10:04:55,23.0 MiB,51.8 MiB,77.1 MiB,77.4 MiB,,,,,,,,,,,,,,
2026-04-20 10:05:00,23.2 MiB,60.1 MiB,77.1 MiB,77.4 MiB,,,,,,,,,,,,,,
2026-04-20 10:05:05,22.9 MiB,63.6 MiB,145 MiB,141 MiB,,,,,,,,,,,,,,
2026-04-20 10:05:10,22.7 MiB,70.4 MiB,149 MiB,145 MiB,,,,,,,,,,,,,,
2026-04-20 10:05:15,23.2 MiB,68.9 MiB,152 MiB,145 MiB,,,,,,,,,,,,,,
2026-04-20 10:05:20,23.1 MiB,69.7 MiB,154 MiB,152 MiB,,,,,,,,,,,,,,
2026-04-20 10:05:25,23.1 MiB,74.9 MiB,156 MiB,152 MiB,,,,,,,,,,,,,,
2026-04-20 10:05:30,23.1 MiB,76.9 MiB,156 MiB,152 MiB,,,,,,,,,,,,,,
2026-04-20 10:05:35,22.7 MiB,76.9 MiB,157 MiB,152 MiB,,,,,,,,,,,,,,
2026-04-20 10:05:40,23.1 MiB,76.9 MiB,157 MiB,152 MiB,,,,,,,,,,,,,,
2026-04-20 10:05:45,23.2 MiB,83.2 MiB,157 MiB,152 MiB,,,,,,,,,,,,,,
2026-04-20 10:05:50,23.3 MiB,89.4 MiB,159 MiB,153 MiB,,,,,,,,,,,,,,
2026-04-20 10:05:55,23.3 MiB,97.5 MiB,161 MiB,159 MiB,,,,,,,,,,,,,,
2026-04-20 10:06:00,23.4 MiB,76.7 MiB,162 MiB,161 MiB,,,,,,,,,,,,,,
2026-04-20 10:06:05,23.1 MiB,83.6 MiB,163 MiB,158 MiB,,,,,,,,,,,,,,
2026-04-20 10:06:10,22.9 MiB,94.0 MiB,167 MiB,161 MiB,,,,,,,,,,,,,,
2026-04-20 10:06:15,23.1 MiB,104 MiB,166 MiB,169 MiB,,,,,,,,,,,,,,
2026-04-20 10:06:20,23.5 MiB,104 MiB,164 MiB,169 MiB,,,,,,,,,,,,,,
2026-04-20 10:06:25,23.0 MiB,104 MiB,164 MiB,169 MiB,,,,,,,,,,,,,,
2026-04-20 10:06:30,23.2 MiB,75.3 MiB,164 MiB,169 MiB,,,,,,,,,,,,,,
2026-04-20 10:06:35,23.2 MiB,98.3 MiB,177 MiB,174 MiB,,,,,,,,,,,,,,
2026-04-20 10:06:40,23.4 MiB,81.1 MiB,180 MiB,176 MiB,,,,,,,,,,,,,,
2026-04-20 10:06:45,23.0 MiB,101 MiB,196 MiB,182 MiB,,,,,,,,,,,,,,
2026-04-20 10:06:50,23.1 MiB,83.1 MiB,201 MiB,191 MiB,,,,,,,,,,,,,,
2026-04-20 10:06:55,22.7 MiB,104 MiB,204 MiB,201 MiB,,,,,,,,,,,,,,
2026-04-20 10:07:00,22.9 MiB,84.3 MiB,208 MiB,202 MiB,,,,,,,,,,,,,,
2026-04-20 10:07:05,22.7 MiB,84.9 MiB,207 MiB,202 MiB,,,,,,,,,,,,,,
2026-04-20 10:07:10,23.1 MiB,85.6 MiB,207 MiB,202 MiB,,,,,,,,,,,,,,
2026-04-20 10:07:15,23.1 MiB,89.4 MiB,207 MiB,195 MiB,,,,,,,,,,,,,,
2026-04-20 10:07:20,23.0 MiB,71.1 MiB,200 MiB,194 MiB,,,,,,,,,,,,,,
2026-04-20 10:07:25,23.2 MiB,92.1 MiB,200 MiB,195 MiB,,,,,,,,,,,,,,
2026-04-20 10:07:30,23.3 MiB,76.4 MiB,211 MiB,194 MiB,,,,,,,,,,,,,,
2026-04-20 10:07:35,23.2 MiB,94.6 MiB,206 MiB,194 MiB,,,,,,,,,,,,,,
2026-04-20 10:07:40,23.2 MiB,77.8 MiB,211 MiB,202 MiB,,,,,,,,,,,,,,
2026-04-20 10:07:45,23.2 MiB,96.8 MiB,212 MiB,207 MiB,,,,,,,,,,,,,,
2026-04-20 10:07:50,23.4 MiB,79.6 MiB,228 MiB,216 MiB,,,,,,,,,,,,,,
2026-04-20 10:07:55,23.1 MiB,99.8 MiB,227 MiB,217 MiB,,,,,,,,,,,,,,
2026-04-20 10:08:00,23.2 MiB,87.0 MiB,233 MiB,221 MiB,,,,,,,,,,,,,,
2026-04-20 10:08:05,23.2 MiB,72.8 MiB,217 MiB,199 MiB,,,,,,,,,,,,,,
2026-04-20 10:08:10,23.7 MiB,101 MiB,216 MiB,208 MiB,,,,,,,,,,,,,,
2026-04-20 10:08:15,23.0 MiB,82.5 MiB,233 MiB,229 MiB,,,,,,,,,,,,,,
2026-04-20 10:08:20,23.2 MiB,106 MiB,239 MiB,238 MiB,,,,,,,,,,,,,,
2026-04-20 10:08:25,23.2 MiB,89.1 MiB,248 MiB,240 MiB,,,,,,,,,,,,,,
2026-04-20 10:08:30,23.2 MiB,77.3 MiB,248 MiB,240 MiB,,,,,,,,,,,,,,
2026-04-20 10:08:35,22.8 MiB,95.8 MiB,213 MiB,208 MiB,,,,,,,,,,,,,,
2026-04-20 10:08:40,22.9 MiB,88.6 MiB,219 MiB,215 MiB,,,,,,,,,,,,,,
2026-04-20 10:08:45,22.8 MiB,77.7 MiB,235 MiB,226 MiB,,,,,,,,,,,,,,
2026-04-20 10:08:50,23.0 MiB,105 MiB,240 MiB,230 MiB,,,,,,,,,,,,,,
2026-04-20 10:08:55,23 MiB,94.3 MiB,242 MiB,235 MiB,,,,,,,,,,,,,,
2026-04-20 10:09:00,23.7 MiB,82.7 MiB,251 MiB,242 MiB,,,,,,,,,,,,,,
2026-04-20 10:09:05,23.9 MiB,96.4 MiB,220 MiB,226 MiB,,,,,,,,,,,,,,
2026-04-20 10:09:10,23.3 MiB,101 MiB,240 MiB,236 MiB,,,,,,,,,,,,,,
2026-04-20 10:09:15,23.4 MiB,91.2 MiB,240 MiB,235 MiB,,,,,,,,,,,,,,
2026-04-20 10:09:20,23.4 MiB,91.5 MiB,242 MiB,238 MiB,,,,,,,,,,,,,,
2026-04-20 10:09:25,24.1 MiB,97.8 MiB,248 MiB,238 MiB,,,,,,,,,,,,,,
2026-04-20 10:09:30,24.4 MiB,104 MiB,253 MiB,246 MiB,,,,,,,,,,,,,,
2026-04-20 10:09:35,24.4 MiB,72.2 MiB,228 MiB,219 MiB,,,,,,,,,,,,,,
2026-04-20 10:09:40,23.5 MiB,78.4 MiB,232 MiB,222 MiB,,,,,,,,,,,,,,
2026-04-20 10:09:45,23.5 MiB,85.9 MiB,246 MiB,236 MiB,,,,,,,,,,,,,,
2026-04-20 10:09:50,23.0 MiB,93.1 MiB,250 MiB,241 MiB,,,,,,,,,,,,,,
2026-04-20 10:09:55,23.2 MiB,103 MiB,259 MiB,245 MiB,,,,,,,,,,,,,,
2026-04-20 10:10:00,22.9 MiB,110 MiB,262 MiB,249 MiB,,,,,,,,,,,,,,
2026-04-20 10:10:05,22.8 MiB,84.3 MiB,231 MiB,218 MiB,,,,,,,,,,,,,,
2026-04-20 10:10:10,23.4 MiB,91.8 MiB,237 MiB,229 MiB,,,,,,,,,,,,,,
2026-04-20 10:10:15,23.6 MiB,97.5 MiB,250 MiB,239 MiB,,,,,,,,,,,,,,
2026-04-20 10:10:20,23.4 MiB,107 MiB,257 MiB,244 MiB,,,,,,,,,,,,,,
2026-04-20 10:10:25,23.0 MiB,109 MiB,261 MiB,250 MiB,,,,,,,,,,,,,,
2026-04-20 10:10:30,23.7 MiB,85.1 MiB,262 MiB,255 MiB,,,,,,,,,,,,,,
2026-04-20 10:10:35,23.4 MiB,92.1 MiB,229 MiB,220 MiB,,,,,,,,,,,,,,
2026-04-20 10:10:40,23.5 MiB,99.8 MiB,240 MiB,230 MiB,,,,,,,,,,,,,,
2026-04-20 10:10:45,23.3 MiB,106 MiB,257 MiB,244 MiB,,,,,,,,,,,,,,
2026-04-20 10:10:50,23.5 MiB,109 MiB,261 MiB,249 MiB,,,,,,,,,,,,,,
2026-04-20 10:10:55,22.8 MiB,81.4 MiB,264 MiB,253 MiB,,,,,,,,,,,,,,
2026-04-20 10:11:00,23.6 MiB,91.2 MiB,266 MiB,256 MiB,,,,,,,,,,,,,,
2026-04-20 10:11:05,22.9 MiB,98.0 MiB,242 MiB,232 MiB,,,,,,,,,,,,,,
2026-04-20 10:11:10,23.7 MiB,105 MiB,251 MiB,241 MiB,,,,,,,,,,,,,,
2026-04-20 10:11:15,23.6 MiB,110 MiB,254 MiB,244 MiB,,,,,,,,,,,,,,
2026-04-20 10:11:20,23.2 MiB,86.1 MiB,260 MiB,249 MiB,,,,,,,,,,,,,,
2026-04-20 10:11:25,23.5 MiB,93.9 MiB,265 MiB,254 MiB,,,,,,,,,,,,,,
2026-04-20 10:11:30,23.2 MiB,98.6 MiB,268 MiB,254 MiB,,,,,,,,,,,,,,
2026-04-20 10:11:35,23.5 MiB,106 MiB,236 MiB,221 MiB,,,,,,,,,,,,,,
2026-04-20 10:11:40,23.3 MiB,111 MiB,240 MiB,227 MiB,,,,,,,,,,,,,,
2026-04-20 10:11:45,23.2 MiB,81.7 MiB,241 MiB,229 MiB,,,,,,,,,,,,,,
2026-04-20 10:11:50,23.4 MiB,89.6 MiB,251 MiB,237 MiB,,,,,,,,,,,,,,
2026-04-20 10:11:55,23.6 MiB,94.4 MiB,251 MiB,247 MiB,,,,,,,,,,,,,,
2026-04-20 10:12:00,23.3 MiB,106 MiB,262 MiB,254 MiB,,,,,,,,,,,,,,
2026-04-20 10:12:05,23.0 MiB,112 MiB,231 MiB,218 MiB,,,,,,,,,,,,,,
2026-04-20 10:12:10,23.5 MiB,82.8 MiB,239 MiB,228 MiB,,,,,,,,,,,,,,
2026-04-20 10:12:15,23.3 MiB,105 MiB,242 MiB,233 MiB,,,,,,,,,,,,,,
2026-04-20 10:12:20,24.0 MiB,105 MiB,243 MiB,233 MiB,,,,,,,,,,,,,,
2026-04-20 10:12:25,24.1 MiB,105 MiB,243 MiB,233 MiB,,,,,,,,,,,,,,
2026-04-20 10:12:30,24.1 MiB,105 MiB,243 MiB,233 MiB,,,,,,,,,,,,,,
2026-04-20 10:12:35,23.1 MiB,116 MiB,243 MiB,233 MiB,,,,,,,,,,,,,,
2026-04-20 10:12:40,23.3 MiB,86.3 MiB,241 MiB,229 MiB,,,,,,,,,,,,,,
2026-04-20 10:12:45,23.5 MiB,82.1 MiB,260 MiB,247 MiB,,,,,,,,,,,,,,
2026-04-20 10:12:50,23.3 MiB,82.1 MiB,262 MiB,247 MiB,,,,,,,,,,,,,,
2026-04-20 10:12:55,23.4 MiB,82.1 MiB,262 MiB,247 MiB,,,,,,,,,,,,,,
2026-04-20 10:13:00,23.6 MiB,82.8 MiB,262 MiB,247 MiB,,,,,,,,,,,,,,
2026-04-20 10:13:05,24.5 MiB,83.4 MiB,215 MiB,247 MiB,,,,,,,,,,,,,,
2026-04-20 10:13:10,24.4 MiB,83.4 MiB,542 MiB,247 MiB,,,,,,,,,,,,,,
2026-04-20 10:13:15,23.7 MiB,84.0 MiB,928 MiB,247 MiB,,,,,,,,,,,,,,
2026-04-20 10:13:20,23.8 MiB,84.0 MiB,1.26 GiB,247 MiB,,,,,,,,,,,,,,
2026-04-20 10:13:25,23.6 MiB,84.0 MiB,1.62 GiB,248 MiB,,,,,,,,,,,,,,
2026-04-20 10:13:30,23.6 MiB,81.1 MiB,2.00 GiB,247 MiB,,,,,,,,,,,,,,
2026-04-20 10:13:35,23.5 MiB,81.1 MiB,2.36 GiB,247 MiB,,,,,,,,,,,,,,
2026-04-20 10:13:40,23.5 MiB,81.4 MiB,2.26 GiB,247 MiB,,,,,,,,,,,,,,
2026-04-20 10:13:45,23.7 MiB,81.4 MiB,2.14 GiB,247 MiB,,,,,,,,,,,,,,
2026-04-20 10:13:50,23.6 MiB,81.4 MiB,2.02 GiB,247 MiB,,,,,,,,,,,,,,
2026-04-20 10:13:55,24.3 MiB,81.4 MiB,1.96 GiB,247 MiB,,,,,,,,,,,,,,
2026-04-20 10:14:00,24.4 MiB,81.4 MiB,1.81 GiB,247 MiB,,,,,,,,,,,,,,
2026-04-20 10:14:05,23.6 MiB,81.4 MiB,1.49 GiB,248 MiB,,,,,,,,,,,,,,
2026-04-20 10:14:10,24.1 MiB,81.4 MiB,1.45 GiB,248 MiB,,,,,,,,,,,,,,
2026-04-20 10:14:15,24.3 MiB,81.4 MiB,1.40 GiB,228 MiB,,,,,,,,,,,,,,
2026-04-20 10:14:20,23.7 MiB,81.4 MiB,1.40 GiB,228 MiB,,,,,,,,,,,,,,
2026-04-20 10:14:25,24.5 MiB,81.4 MiB,1.41 GiB,228 MiB,,,,,,,,,,,,,,
2026-04-20 10:14:30,23.8 MiB,81.4 MiB,1.41 GiB,228 MiB,,,,,,,,,,,,,,
2026-04-20 10:14:35,23.7 MiB,81.4 MiB,1.42 GiB,229 MiB,,,,,,,,,,,,,,
2026-04-20 10:14:40,23.7 MiB,81.4 MiB,1.43 GiB,229 MiB,,,,,,,,,,,,,,
2026-04-20 10:14:45,23.6 MiB,81.4 MiB,1.43 GiB,230 MiB,,,,,,,,,,,,,,
2026-04-20 10:14:50,24.3 MiB,81.4 MiB,1.45 GiB,230 MiB,,,,,,,,,,,,,,
2026-04-20 10:14:55,24.6 MiB,81.4 MiB,1.45 GiB,230 MiB,,,,,,,,,,,,,,
2026-04-20 10:15:00,24.1 MiB,81.9 MiB,1.45 GiB,230 MiB,,,,,,,,,,,,,,
2026-04-20 10:15:05,23.5 MiB,81.9 MiB,1.46 GiB,230 MiB,,,,,,,,,,,,,,
2026-04-20 10:15:10,23.6 MiB,81.9 MiB,1.46 GiB,230 MiB,,,,,,,,,,,,,,
2026-04-20 10:15:15,23.6 MiB,81.9 MiB,1.49 GiB,230 MiB,,,,,,,,,,,,,,
2026-04-20 10:15:20,24.4 MiB,81.9 MiB,1.49 GiB,230 MiB,,,,,,,,,,,,,,
2026-04-20 10:15:25,24.5 MiB,81.9 MiB,1.46 GiB,230 MiB,,,,,,,,,,,,,,
2026-04-20 10:15:30,24.8 MiB,62.5 MiB,1.46 GiB,230 MiB,,,,,,,,,,,,,,
2026-04-20 10:15:35,24.3 MiB,62.5 MiB,1.46 GiB,230 MiB,,,,,,,,,,,,,,
2026-04-20 10:15:40,23.6 MiB,62.5 MiB,1.47 GiB,230 MiB,,,,,,,,,,,,,,
2026-04-20 10:15:45,24.3 MiB,62.5 MiB,1.47 GiB,230 MiB,,,,,,,,,,,,,,
2026-04-20 10:15:50,24.3 MiB,62.5 MiB,1.48 GiB,230 MiB,,,,,,,,,,,,,,
2026-04-20 10:15:55,23.5 MiB,62.5 MiB,1.48 GiB,230 MiB,,,,,,,,,,,,,,
2026-04-20 10:16:00,23.9 MiB,62.5 MiB,1.48 GiB,230 MiB,,,,,,,,,,,,,,
2026-04-20 10:16:05,24.0 MiB,62.5 MiB,1.49 GiB,230 MiB,,,,,,,,,,,,,,
2026-04-20 10:16:10,23.8 MiB,62.5 MiB,1.49 GiB,230 MiB,,,,,,,,,,,,,,
2026-04-20 10:16:15,24.3 MiB,62.5 MiB,1.50 GiB,146 MiB,,,,,,,,,,,,,,
2026-04-20 10:16:20,24.4 MiB,62.5 MiB,1.50 GiB,146 MiB,,,,,,,,,,,,,,
2026-04-20 10:16:25,23.4 MiB,62.5 MiB,1.50 GiB,146 MiB,,,,,,,,,,,,,,
2026-04-20 10:16:30,24.1 MiB,63 MiB,1.50 GiB,146 MiB,,,,,,,,,,,,,,
2026-04-20 10:16:35,23.4 MiB,63 MiB,1.50 GiB,147 MiB,,,,,,,,,,,,,,
2026-04-20 10:16:40,23.3 MiB,63 MiB,1.51 GiB,147 MiB,,,,,,,,,,,,,,
2026-04-20 10:16:45,23.4 MiB,63 MiB,1.50 GiB,147 MiB,,,,,,,,,,,,,,
2026-04-20 10:16:50,23.3 MiB,63 MiB,1.52 GiB,147 MiB,,,,,,,,,,,,,,
2026-04-20 10:16:55,23.6 MiB,63 MiB,1.52 GiB,148 MiB,,,,,,,,,,,,,,
2026-04-20 10:17:00,23.6 MiB,63 MiB,1.52 GiB,148 MiB,,,,,,,,,,,,,,
2026-04-20 10:17:05,23.8 MiB,63 MiB,1.53 GiB,148 MiB,,,,,,,,,,,,,,
2026-04-20 10:17:10,23.5 MiB,63 MiB,1.54 GiB,148 MiB,,,,,,,,,,,,,,
2026-04-20 10:17:15,23.8 MiB,63 MiB,1.54 GiB,148 MiB,,,,,,,,,,,,,,
2026-04-20 10:17:20,23.5 MiB,63 MiB,1.56 GiB,148 MiB,,,,,,,,,,,,,,
2026-04-20 10:17:25,23.7 MiB,63 MiB,1.56 GiB,148 MiB,,,,,,,,,,,,,,
2026-04-20 10:17:30,23.8 MiB,62.6 MiB,1.57 GiB,148 MiB,,,,,,,,,,,,,,
2026-04-20 10:17:35,23.5 MiB,63.2 MiB,1.58 GiB,148 MiB,,,,,,,,,,,,,,
2026-04-20 10:17:40,23.7 MiB,63.2 MiB,1.65 GiB,148 MiB,,,,,,,,,,,,,,
2026-04-20 10:17:45,23.4 MiB,63.9 MiB,1.70 GiB,148 MiB,,,,,,,,,,,,,,
2026-04-20 10:17:50,23.7 MiB,64.5 MiB,1.70 GiB,148 MiB,,,,,,,,,,,,,,
2026-04-20 10:17:55,23.8 MiB,64.5 MiB,1.72 GiB,148 MiB,,,,,,,,,,,,,,
2026-04-20 10:18:00,23.7 MiB,64.5 MiB,1.72 GiB,148 MiB,,,,,,,,,,,,,,
2026-04-20 10:18:05,23.9 MiB,64.5 MiB,1.71 GiB,148 MiB,,,,,,,,,,,,,,
2026-04-20 10:18:10,23.4 MiB,65.0 MiB,1.67 GiB,148 MiB,,,,,,,,,,,,,,
2026-04-20 10:18:15,24.0 MiB,65.0 MiB,1.57 GiB,144 MiB,,,,,,,,,,,,,,
2026-04-20 10:18:20,24.0 MiB,65.0 MiB,1.47 GiB,144 MiB,,,,,,,,,,,,,,
2026-04-20 10:18:25,23.8 MiB,65.0 MiB,1.51 GiB,144 MiB,,,,,,,,,,,,,,
2026-04-20 10:18:30,23.9 MiB,65.0 MiB,1.39 GiB,144 MiB,,,,,,,,,,,,,,
2026-04-20 10:18:35,23.3 MiB,65.0 MiB,1.01 GiB,144 MiB,,,,,,,,,,,,,,
2026-04-20 10:18:40,22.9 MiB,65.0 MiB,799 MiB,144 MiB,,,,,,,,,,,,,,
2026-04-20 10:18:45,23.3 MiB,65.0 MiB,799 MiB,144 MiB,,,,,,,,,,,,,,
2026-04-20 10:18:50,23.2 MiB,65.0 MiB,800 MiB,145 MiB,,,,,,,,,,,,,,
2026-04-20 10:18:55,22.8 MiB,,800 MiB,146 MiB,,,,,,,,,,,,,,
2026-04-20 10:19:00,23.5 MiB,,,,,,,,,,,,,,,,,
2026-04-20 10:19:05,22.8 MiB,35.2 MiB,,,,,,,,,,64.8 MiB,,,,,,
2026-04-20 10:19:10,23.6 MiB,43.4 MiB,65.7 MiB,62.5 MiB,,,,,,,66.6 MiB,73.1 MiB,,,,,,
2026-04-20 10:19:15,24.0 MiB,45.7 MiB,72.4 MiB,69.3 MiB,,,,,,,73.0 MiB,75.3 MiB,,,,,,
2026-04-20 10:19:20,23.1 MiB,47.7 MiB,76.8 MiB,75.7 MiB,,,,,,,77.3 MiB,83.8 MiB,,,,,,
2026-04-20 10:19:25,22.8 MiB,47.7 MiB,85.0 MiB,81.7 MiB,,,,,,,79.3 MiB,85.9 MiB,,,,,,
2026-04-20 10:19:30,22.7 MiB,47.7 MiB,89.1 MiB,83.7 MiB,,,,,,,83.5 MiB,87.9 MiB,,,,,,
2026-04-20 10:19:35,23.3 MiB,47.7 MiB,91.2 MiB,87.8 MiB,,,,,,,85.5 MiB,90.1 MiB,,,,,,
2026-04-20 10:19:40,23.6 MiB,55.9 MiB,95.2 MiB,89.8 MiB,,,,,,,87.6 MiB,113 MiB,,,,,,
2026-04-20 10:19:45,22.9 MiB,70.5 MiB,135 MiB,127 MiB,,,,,,,123 MiB,141 MiB,,,,,,
2026-04-20 10:19:50,23.1 MiB,70.0 MiB,155 MiB,145 MiB,,,,,,,141 MiB,143 MiB,,,,,,
2026-04-20 10:19:55,23.1 MiB,72.5 MiB,152 MiB,145 MiB,,,,,,,141 MiB,145 MiB,,,,,,
2026-04-20 10:20:00,23.6 MiB,77.5 MiB,154 MiB,149 MiB,,,,,,,141 MiB,143 MiB,,,,,,
2026-04-20 10:20:05,23.4 MiB,75.6 MiB,155 MiB,148 MiB,,,,,,,143 MiB,143 MiB,,,,,,
2026-04-20 10:20:10,23.7 MiB,78.0 MiB,157 MiB,148 MiB,,,,,,,147 MiB,149 MiB,,,,,,
2026-04-20 10:20:15,23.9 MiB,78.0 MiB,157 MiB,149 MiB,,,,,,,147 MiB,149 MiB,,,,,,
2026-04-20 10:20:20,23.9 MiB,78.0 MiB,157 MiB,149 MiB,,,,,,,147 MiB,149 MiB,,,,,,
2026-04-20 10:20:25,23.1 MiB,78.0 MiB,157 MiB,149 MiB,,,,,,,147 MiB,149 MiB,,,,,,
2026-04-20 10:20:30,23.3 MiB,78.0 MiB,157 MiB,149 MiB,,,,,,,147 MiB,149 MiB,,,,,,
2026-04-20 10:20:35,22.9 MiB,78.0 MiB,157 MiB,149 MiB,,,,,,,147 MiB,149 MiB,,,,,,
2026-04-20 10:20:40,23.1 MiB,84.7 MiB,157 MiB,148 MiB,,,,,,,147 MiB,158 MiB,,,,,,
2026-04-20 10:20:45,23 MiB,86.6 MiB,161 MiB,151 MiB,,,,,,,149 MiB,162 MiB,,,,,,
2026-04-20 10:20:50,23.1 MiB,93.4 MiB,159 MiB,149 MiB,,,,,,,149 MiB,154 MiB,,,,,,
2026-04-20 10:20:55,22.9 MiB,68.9 MiB,168 MiB,157 MiB,,,,,,,157 MiB,159 MiB,,,,,,
2026-04-20 10:21:00,23.0 MiB,83.8 MiB,167 MiB,160 MiB,,,,,,,158 MiB,159 MiB,,,,,,
2026-04-20 10:21:05,22.8 MiB,89.0 MiB,169 MiB,159 MiB,,,,,,,159 MiB,161 MiB,,,,,,
2026-04-20 10:21:10,23.1 MiB,95.6 MiB,171 MiB,156 MiB,,,,,,,159 MiB,164 MiB,,,,,,
2026-04-20 10:21:15,22.8 MiB,96.3 MiB,174 MiB,162 MiB,,,,,,,159 MiB,164 MiB,,,,,,
2026-04-20 10:21:20,23.4 MiB,96.6 MiB,174 MiB,160 MiB,,,,,,,159 MiB,164 MiB,,,,,,
2026-04-20 10:21:25,22.8 MiB,97.1 MiB,174 MiB,160 MiB,,,,,,,159 MiB,164 MiB,,,,,,
2026-04-20 10:21:30,22.9 MiB,97.8 MiB,174 MiB,160 MiB,,,,,,,159 MiB,164 MiB,,,,,,
2026-04-20 10:21:35,22.6 MiB,65.1 MiB,174 MiB,160 MiB,,,,,,,159 MiB,168 MiB,,,,,,
2026-04-20 10:21:40,23.7 MiB,77.9 MiB,176 MiB,167 MiB,,,,,,,161 MiB,170 MiB,,,,,,
2026-04-20 10:21:45,23.9 MiB,94.4 MiB,178 MiB,167 MiB,,,,,,,169 MiB,173 MiB,,,,,,
2026-04-20 10:21:50,23.4 MiB,79.7 MiB,187 MiB,173 MiB,,,,,,,174 MiB,176 MiB,,,,,,
2026-04-20 10:21:55,23.1 MiB,98.1 MiB,200 MiB,191 MiB,,,,,,,185 MiB,194 MiB,,,,,,
2026-04-20 10:22:00,23.6 MiB,85.5 MiB,204 MiB,191 MiB,,,,,,,197 MiB,195 MiB,,,,,,
2026-04-20 10:22:05,23.6 MiB,103 MiB,209 MiB,195 MiB,,,,,,,201 MiB,194 MiB,,,,,,
2026-04-20 10:22:10,22.9 MiB,77.2 MiB,204 MiB,196 MiB,,,,,,,192 MiB,190 MiB,,,,,,
2026-04-20 10:22:15,23.3 MiB,79.3 MiB,208 MiB,196 MiB,,,,,,,194 MiB,190 MiB,,,,,,
2026-04-20 10:22:20,22.8 MiB,79.3 MiB,208 MiB,196 MiB,,,,,,,194 MiB,191 MiB,,,,,,
2026-04-20 10:22:25,23.5 MiB,79.9 MiB,208 MiB,197 MiB,,,,,,,194 MiB,192 MiB,,,,,,
2026-04-20 10:22:30,22.9 MiB,80.6 MiB,208 MiB,197 MiB,,,,,,,194 MiB,192 MiB,,,,,,
2026-04-20 10:22:35,23.3 MiB,80.6 MiB,208 MiB,197 MiB,,,,,,,194 MiB,193 MiB,,,,,,
2026-04-20 10:22:40,23.3 MiB,90.8 MiB,203 MiB,192 MiB,,,,,,,196 MiB,196 MiB,,,,,,
2026-04-20 10:22:45,23.5 MiB,72.3 MiB,203 MiB,186 MiB,,,,,,,191 MiB,196 MiB,,,,,,
2026-04-20 10:22:50,23.1 MiB,90.6 MiB,203 MiB,185 MiB,,,,,,,189 MiB,199 MiB,,,,,,
2026-04-20 10:22:55,23.3 MiB,77.4 MiB,207 MiB,188 MiB,,,,,,,193 MiB,201 MiB,,,,,,
2026-04-20 10:23:00,23.5 MiB,92.9 MiB,217 MiB,201 MiB,,,,,,,203 MiB,204 MiB,,,,,,
2026-04-20 10:23:05,23.8 MiB,82.3 MiB,229 MiB,216 MiB,,,,,,,213 MiB,200 MiB,,,,,,
2026-04-20 10:23:10,23.2 MiB,96.5 MiB,208 MiB,193 MiB,,,,,,,195 MiB,206 MiB,,,,,,
2026-04-20 10:23:15,23.4 MiB,79.2 MiB,219 MiB,205 MiB,,,,,,,205 MiB,207 MiB,,,,,,
2026-04-20 10:23:20,22.8 MiB,101 MiB,220 MiB,206 MiB,,,,,,,211 MiB,206 MiB,,,,,,
2026-04-20 10:23:25,22.7 MiB,83.1 MiB,220 MiB,207 MiB,,,,,,,209 MiB,210 MiB,,,,,,
2026-04-20 10:23:30,23.5 MiB,104 MiB,223 MiB,209 MiB,,,,,,,207 MiB,213 MiB,,,,,,
2026-04-20 10:23:35,23.5 MiB,87.6 MiB,225 MiB,214 MiB,,,,,,,214 MiB,206 MiB,,,,,,
2026-04-20 10:23:40,23.3 MiB,75.6 MiB,227 MiB,213 MiB,,,,,,,214 MiB,222 MiB,,,,,,
2026-04-20 10:23:45,23.3 MiB,98.9 MiB,235 MiB,218 MiB,,,,,,,216 MiB,226 MiB,,,,,,
2026-04-20 10:23:50,23.0 MiB,81.4 MiB,239 MiB,221 MiB,,,,,,,223 MiB,226 MiB,,,,,,
2026-04-20 10:23:55,23.2 MiB,106 MiB,241 MiB,222 MiB,,,,,,,228 MiB,234 MiB,,,,,,
2026-04-20 10:24:00,24.0 MiB,91.2 MiB,242 MiB,228 MiB,,,,,,,228 MiB,233 MiB,,,,,,
2026-04-20 10:24:05,23.7 MiB,82.3 MiB,241 MiB,232 MiB,,,,,,,232 MiB,227 MiB,,,,,,
2026-04-20 10:24:10,24.0 MiB,107 MiB,226 MiB,210 MiB,,,,,,,213 MiB,212 MiB,,,,,,
2026-04-20 10:24:15,23.8 MiB,88.6 MiB,224 MiB,213 MiB,,,,,,,216 MiB,220 MiB,,,,,,
2026-04-20 10:24:20,22.9 MiB,81.2 MiB,232 MiB,219 MiB,,,,,,,216 MiB,220 MiB,,,,,,
2026-04-20 10:24:25,23.9 MiB,106 MiB,246 MiB,222 MiB,,,,,,,227 MiB,230 MiB,,,,,,
2026-04-20 10:24:30,24.2 MiB,99.5 MiB,242 MiB,224 MiB,,,,,,,231 MiB,232 MiB,,,,,,
2026-04-20 10:24:35,24.1 MiB,83.6 MiB,253 MiB,236 MiB,,,,,,,242 MiB,212 MiB,,,,,,
2026-04-20 10:24:40,24.2 MiB,108 MiB,224 MiB,209 MiB,,,,,,,213 MiB,216 MiB,,,,,,
2026-04-20 10:24:45,24.0 MiB,105 MiB,229 MiB,221 MiB,,,,,,,216 MiB,221 MiB,,,,,,
2026-04-20 10:24:50,23.3 MiB,115 MiB,236 MiB,224 MiB,,,,,,,224 MiB,229 MiB,,,,,,
2026-04-20 10:24:55,23.3 MiB,105 MiB,246 MiB,228 MiB,,,,,,,234 MiB,237 MiB,,,,,,
2026-04-20 10:25:00,22.9 MiB,80.4 MiB,263 MiB,243 MiB,,,,,,,241 MiB,249 MiB,,,,,,
2026-04-20 10:25:05,23.1 MiB,80.8 MiB,267 MiB,246 MiB,,,,,,,250 MiB,218 MiB,,,,,,
2026-04-20 10:25:10,22.6 MiB,84.5 MiB,241 MiB,223 MiB,,,,,,,222 MiB,233 MiB,,,,,,
2026-04-20 10:25:15,23.1 MiB,87.9 MiB,252 MiB,230 MiB,,,,,,,234 MiB,238 MiB,,,,,,
2026-04-20 10:25:20,23.0 MiB,90.5 MiB,255 MiB,235 MiB,,,,,,,241 MiB,241 MiB,,,,,,
2026-04-20 10:25:25,22.8 MiB,95.4 MiB,266 MiB,238 MiB,,,,,,,244 MiB,251 MiB,,,,,,
2026-04-20 10:25:30,22.4 MiB,100 MiB,274 MiB,247 MiB,,,,,,,249 MiB,251 MiB,,,,,,
2026-04-20 10:25:35,22.7 MiB,99.8 MiB,266 MiB,252 MiB,,,,,,,252 MiB,229 MiB,,,,,,
2026-04-20 10:25:40,22.5 MiB,105 MiB,246 MiB,227 MiB,,,,,,,226 MiB,234 MiB,,,,,,
2026-04-20 10:25:45,22.9 MiB,106 MiB,244 MiB,230 MiB,,,,,,,230 MiB,237 MiB,,,,,,
2026-04-20 10:25:50,22.7 MiB,106 MiB,257 MiB,234 MiB,,,,,,,237 MiB,242 MiB,,,,,,
2026-04-20 10:25:55,23.4 MiB,122 MiB,266 MiB,245 MiB,,,,,,,246 MiB,253 MiB,,,,,,
2026-04-20 10:26:00,23.0 MiB,114 MiB,277 MiB,247 MiB,,,,,,,252 MiB,253 MiB,,,,,,
2026-04-20 10:26:05,23.5 MiB,85.0 MiB,273 MiB,254 MiB,,,,,,,255 MiB,223 MiB,,,,,,
2026-04-20 10:26:10,23.0 MiB,87.2 MiB,235 MiB,224 MiB,,,,,,,220 MiB,232 MiB,,,,,,
2026-04-20 10:26:15,23.1 MiB,91.2 MiB,249 MiB,229 MiB,,,,,,,235 MiB,236 MiB,,,,,,
2026-04-20 10:26:20,23.2 MiB,90.9 MiB,252 MiB,239 MiB,,,,,,,238 MiB,244 MiB,,,,,,
2026-04-20 10:26:25,22.8 MiB,95.3 MiB,264 MiB,245 MiB,,,,,,,245 MiB,251 MiB,,,,,,
2026-04-20 10:26:30,23.2 MiB,94.9 MiB,266 MiB,252 MiB,,,,,,,249 MiB,257 MiB,,,,,,
2026-04-20 10:26:35,23.0 MiB,97.9 MiB,271 MiB,252 MiB,,,,,,,250 MiB,223 MiB,,,,,,
2026-04-20 10:26:40,23.3 MiB,103 MiB,241 MiB,226 MiB,,,,,,,230 MiB,243 MiB,,,,,,
2026-04-20 10:26:45,23.1 MiB,108 MiB,258 MiB,242 MiB,,,,,,,242 MiB,253 MiB,,,,,,
2026-04-20 10:26:50,23.9 MiB,108 MiB,272 MiB,251 MiB,,,,,,,251 MiB,255 MiB,,,,,,
2026-04-20 10:26:55,24.1 MiB,115 MiB,269 MiB,257 MiB,,,,,,,256 MiB,257 MiB,,,,,,
2026-04-20 10:27:00,24.4 MiB,114 MiB,279 MiB,254 MiB,,,,,,,256 MiB,260 MiB,,,,,,
2026-04-20 10:27:05,23.3 MiB,116 MiB,278 MiB,254 MiB,,,,,,,257 MiB,225 MiB,,,,,,
2026-04-20 10:27:10,23.2 MiB,118 MiB,235 MiB,219 MiB,,,,,,,221 MiB,223 MiB,,,,,,
2026-04-20 10:27:15,22.6 MiB,87.2 MiB,256 MiB,243 MiB,,,,,,,244 MiB,247 MiB,,,,,,
2026-04-20 10:27:20,22.8 MiB,86.4 MiB,269 MiB,251 MiB,,,,,,,248 MiB,253 MiB,,,,,,
2026-04-20 10:27:25,22.7 MiB,94.3 MiB,273 MiB,257 MiB,,,,,,,257 MiB,259 MiB,,,,,,
2026-04-20 10:27:30,22.7 MiB,95.8 MiB,275 MiB,259 MiB,,,,,,,260 MiB,261 MiB,,,,,,
2026-04-20 10:27:35,22.5 MiB,99.2 MiB,275 MiB,256 MiB,,,,,,,258 MiB,233 MiB,,,,,,
2026-04-20 10:27:40,22.9 MiB,81.2 MiB,257 MiB,237 MiB,,,,,,,229 MiB,235 MiB,,,,,,
2026-04-20 10:27:45,23.2 MiB,86.3 MiB,252 MiB,237 MiB,,,,,,,235 MiB,235 MiB,,,,,,
2026-04-20 10:27:50,22.5 MiB,86.8 MiB,256 MiB,237 MiB,,,,,,,235 MiB,235 MiB,,,,,,
2026-04-20 10:27:55,22.8 MiB,87.4 MiB,257 MiB,238 MiB,,,,,,,235 MiB,235 MiB,,,,,,
2026-04-20 10:28:00,22.8 MiB,88.0 MiB,257 MiB,239 MiB,,,,,,,236 MiB,235 MiB,,,,,,
2026-04-20 10:28:05,22.9 MiB,89.6 MiB,258 MiB,239 MiB,,,,,,,236 MiB,236 MiB,,,,,,
2026-04-20 10:28:10,23.5 MiB,88.2 MiB,228 MiB,216 MiB,,,,,,,222 MiB,225 MiB,,,,,,
2026-04-20 10:28:15,23.7 MiB,84.0 MiB,256 MiB,235 MiB,,,,,,,244 MiB,241 MiB,,,,,,
2026-04-20 10:28:20,23.1 MiB,96.0 MiB,252 MiB,236 MiB,,,,,,,238 MiB,241 MiB,,,,,,
2026-04-20 10:28:25,22.9 MiB,96.0 MiB,254 MiB,237 MiB,,,,,,,239 MiB,241 MiB,,,,,,
2026-04-20 10:28:30,23.1 MiB,96.0 MiB,254 MiB,238 MiB,,,,,,,239 MiB,241 MiB,,,,,,
2026-04-20 10:28:35,22.9 MiB,96.0 MiB,254 MiB,238 MiB,,,,,,,240 MiB,241 MiB,,,,,,
2026-04-20 10:28:40,23.1 MiB,96.0 MiB,255 MiB,238 MiB,,,,,,,240 MiB,241 MiB,,,,,,
2026-04-20 10:28:45,22.9 MiB,96.0 MiB,224 MiB,238 MiB,,,,,,,241 MiB,241 MiB,,,,,,
2026-04-20 10:28:50,23.3 MiB,96.0 MiB,520 MiB,238 MiB,,,,,,,241 MiB,241 MiB,,,,,,
2026-04-20 10:28:55,22.8 MiB,96.0 MiB,861 MiB,238 MiB,,,,,,,241 MiB,241 MiB,,,,,,
2026-04-20 10:29:00,23.5 MiB,96.0 MiB,1.18 GiB,238 MiB,,,,,,,241 MiB,241 MiB,,,,,,
2026-04-20 10:29:05,23.9 MiB,96.0 MiB,1.48 GiB,238 MiB,,,,,,,241 MiB,241 MiB,,,,,,
2026-04-20 10:29:10,23.4 MiB,96.0 MiB,1.82 GiB,238 MiB,,,,,,,241 MiB,241 MiB,,,,,,
2026-04-20 10:29:15,23.5 MiB,96.0 MiB,2.16 GiB,238 MiB,,,,,,,241 MiB,241 MiB,,,,,,
2026-04-20 10:29:20,22.9 MiB,96.0 MiB,2.16 GiB,238 MiB,,,,,,,241 MiB,241 MiB,,,,,,
2026-04-20 10:29:25,23.4 MiB,96.0 MiB,2.03 GiB,238 MiB,,,,,,,241 MiB,241 MiB,,,,,,
2026-04-20 10:29:30,23.2 MiB,96.0 MiB,1.92 GiB,238 MiB,,,,,,,241 MiB,242 MiB,,,,,,
2026-04-20 10:29:35,23.6 MiB,96.0 MiB,1.83 GiB,238 MiB,,,,,,,241 MiB,242 MiB,,,,,,
2026-04-20 10:29:40,23.2 MiB,96.0 MiB,1.72 GiB,238 MiB,,,,,,,241 MiB,242 MiB,,,,,,
2026-04-20 10:29:45,22.7 MiB,96.5 MiB,1.45 GiB,238 MiB,,,,,,,241 MiB,242 MiB,,,,,,
2026-04-20 10:29:50,23.6 MiB,96.5 MiB,1.38 GiB,238 MiB,,,,,,,241 MiB,242 MiB,,,,,,
2026-04-20 10:29:55,23.4 MiB,96.5 MiB,1.38 GiB,238 MiB,,,,,,,242 MiB,242 MiB,,,,,,
2026-04-20 10:30:00,23.5 MiB,96.5 MiB,1.38 GiB,238 MiB,,,,,,,242 MiB,242 MiB,,,,,,
2026-04-20 10:30:05,23.8 MiB,96.5 MiB,1.38 GiB,238 MiB,,,,,,,242 MiB,242 MiB,,,,,,
2026-04-20 10:30:10,23.4 MiB,96.5 MiB,1.38 GiB,228 MiB,,,,,,,242 MiB,242 MiB,,,,,,
2026-04-20 10:30:15,22.7 MiB,96.5 MiB,1.38 GiB,228 MiB,,,,,,,242 MiB,242 MiB,,,,,,
2026-04-20 10:30:20,23.0 MiB,96.5 MiB,1.38 GiB,228 MiB,,,,,,,226 MiB,200 MiB,,,,,,
2026-04-20 10:30:25,23.3 MiB,77.3 MiB,1.33 GiB,228 MiB,,,,,,,226 MiB,200 MiB,,,,,,
2026-04-20 10:30:30,23.3 MiB,77.3 MiB,1.40 GiB,228 MiB,,,,,,,226 MiB,200 MiB,,,,,,
2026-04-20 10:30:35,23.7 MiB,77.3 MiB,1.40 GiB,228 MiB,,,,,,,226 MiB,200 MiB,,,,,,
2026-04-20 10:30:40,23.1 MiB,77.3 MiB,1.40 GiB,228 MiB,,,,,,,226 MiB,200 MiB,,,,,,
2026-04-20 10:30:45,23.7 MiB,77.3 MiB,1.40 GiB,228 MiB,,,,,,,227 MiB,200 MiB,,,,,,
2026-04-20 10:30:50,24.1 MiB,77.3 MiB,1.40 GiB,228 MiB,,,,,,,227 MiB,200 MiB,,,,,,
2026-04-20 10:30:55,24.1 MiB,77.3 MiB,1.41 GiB,229 MiB,,,,,,,227 MiB,200 MiB,,,,,,
2026-04-20 10:31:00,23.9 MiB,77.3 MiB,1.41 GiB,229 MiB,,,,,,,227 MiB,200 MiB,,,,,,
2026-04-20 10:31:05,24.1 MiB,77.3 MiB,1.41 GiB,230 MiB,,,,,,,227 MiB,200 MiB,,,,,,
2026-04-20 10:31:10,24.3 MiB,77.3 MiB,1.42 GiB,230 MiB,,,,,,,227 MiB,200 MiB,,,,,,
2026-04-20 10:31:15,23.7 MiB,77.5 MiB,1.42 GiB,230 MiB,,,,,,,227 MiB,200 MiB,,,,,,
2026-04-20 10:31:20,23.7 MiB,77.5 MiB,1.43 GiB,230 MiB,,,,,,,227 MiB,200 MiB,,,,,,
2026-04-20 10:31:25,23.5 MiB,77.5 MiB,1.43 GiB,230 MiB,,,,,,,227 MiB,200 MiB,,,,,,
2026-04-20 10:31:30,23.4 MiB,78.1 MiB,1.43 GiB,230 MiB,,,,,,,227 MiB,200 MiB,,,,,,
2026-04-20 10:31:35,23.5 MiB,78.1 MiB,1.44 GiB,230 MiB,,,,,,,227 MiB,200 MiB,,,,,,
2026-04-20 10:31:40,23.3 MiB,78.1 MiB,1.42 GiB,230 MiB,,,,,,,227 MiB,200 MiB,,,,,,
2026-04-20 10:31:45,23.8 MiB,78.1 MiB,1.42 GiB,230 MiB,,,,,,,227 MiB,200 MiB,,,,,,
2026-04-20 10:31:50,23.2 MiB,78.1 MiB,1.42 GiB,230 MiB,,,,,,,227 MiB,201 MiB,,,,,,
2026-04-20 10:31:55,22.5 MiB,78.1 MiB,1.42 GiB,230 MiB,,,,,,,227 MiB,201 MiB,,,,,,
2026-04-20 10:32:00,23.2 MiB,78.1 MiB,1.43 GiB,230 MiB,,,,,,,228 MiB,201 MiB,,,,,,
2026-04-20 10:32:05,23.3 MiB,78.1 MiB,1.41 GiB,230 MiB,,,,,,,228 MiB,201 MiB,,,,,,
2026-04-20 10:32:10,23.5 MiB,78.1 MiB,1.45 GiB,162 MiB,,,,,,,228 MiB,201 MiB,,,,,,
2026-04-20 10:32:15,23.8 MiB,78.1 MiB,1.45 GiB,162 MiB,,,,,,,228 MiB,201 MiB,,,,,,
2026-04-20 10:32:20,23.4 MiB,78.1 MiB,1.45 GiB,162 MiB,,,,,,,167 MiB,167 MiB,,,,,,
2026-04-20 10:32:25,23.4 MiB,75.1 MiB,1.46 GiB,162 MiB,,,,,,,167 MiB,167 MiB,,,,,,
2026-04-20 10:32:30,23.3 MiB,75.1 MiB,1.48 GiB,162 MiB,,,,,,,167 MiB,167 MiB,,,,,,
2026-04-20 10:32:35,23.3 MiB,75.1 MiB,1.49 GiB,163 MiB,,,,,,,167 MiB,167 MiB,,,,,,
2026-04-20 10:32:40,22.9 MiB,75.1 MiB,1.48 GiB,163 MiB,,,,,,,167 MiB,167 MiB,,,,,,
2026-04-20 10:32:45,23.2 MiB,75.1 MiB,1.49 GiB,163 MiB,,,,,,,167 MiB,167 MiB,,,,,,
2026-04-20 10:32:50,23.2 MiB,75.1 MiB,1.49 GiB,163 MiB,,,,,,,167 MiB,167 MiB,,,,,,
2026-04-20 10:32:55,23.2 MiB,75.1 MiB,1.50 GiB,163 MiB,,,,,,,167 MiB,167 MiB,,,,,,
2026-04-20 10:33:00,23.3 MiB,75.1 MiB,1.52 GiB,163 MiB,,,,,,,167 MiB,167 MiB,,,,,,
2026-04-20 10:33:05,23.7 MiB,75.1 MiB,1.52 GiB,163 MiB,,,,,,,167 MiB,167 MiB,,,,,,
2026-04-20 10:33:10,23.2 MiB,75.1 MiB,1.53 GiB,163 MiB,,,,,,,167 MiB,167 MiB,,,,,,
2026-04-20 10:33:15,22.9 MiB,75.1 MiB,1.53 GiB,163 MiB,,,,,,,167 MiB,167 MiB,,,,,,
2026-04-20 10:33:20,23.4 MiB,75.1 MiB,1.60 GiB,163 MiB,,,,,,,168 MiB,167 MiB,,,,,,
2026-04-20 10:33:25,23.4 MiB,75.1 MiB,1.61 GiB,163 MiB,,,,,,,168 MiB,167 MiB,,,,,,
2026-04-20 10:33:30,23.1 MiB,75.1 MiB,1.62 GiB,163 MiB,,,,,,,168 MiB,167 MiB,,,,,,
2026-04-20 10:33:35,23.3 MiB,75.1 MiB,1.59 GiB,163 MiB,,,,,,,168 MiB,167 MiB,,,,,,
2026-04-20 10:33:40,22.9 MiB,75.1 MiB,1.54 GiB,164 MiB,,,,,,,168 MiB,167 MiB,,,,,,
2026-04-20 10:33:45,23.3 MiB,75.1 MiB,1.63 GiB,164 MiB,,,,,,,168 MiB,167 MiB,,,,,,
2026-04-20 10:33:50,23.2 MiB,75.1 MiB,1.61 GiB,164 MiB,,,,,,,168 MiB,167 MiB,,,,,,
2026-04-20 10:33:55,23.3 MiB,75.1 MiB,1.58 GiB,164 MiB,,,,,,,168 MiB,167 MiB,,,,,,
2026-04-20 10:34:00,22.9 MiB,75.1 MiB,1.56 GiB,164 MiB,,,,,,,168 MiB,167 MiB,,,,,,
2026-04-20 10:34:05,23.0 MiB,75.1 MiB,1.43 GiB,164 MiB,,,,,,,168 MiB,167 MiB,,,,,,
2026-04-20 10:34:10,23.8 MiB,75.1 MiB,1.46 GiB,162 MiB,,,,,,,168 MiB,167 MiB,,,,,,
2026-04-20 10:34:15,23.1 MiB,75.1 MiB,1.36 GiB,162 MiB,,,,,,,168 MiB,167 MiB,,,,,,
2026-04-20 10:34:20,23.2 MiB,75.1 MiB,1.10 GiB,162 MiB,,,,,,,169 MiB,167 MiB,,,,,,
2026-04-20 10:34:25,22.8 MiB,71.6 MiB,674 MiB,162 MiB,,,,,,,169 MiB,167 MiB,,,,,,
2026-04-20 10:34:30,23.4 MiB,71.6 MiB,674 MiB,162 MiB,,,,,,,169 MiB,167 MiB,,,,,,
2026-04-20 10:34:35,22.9 MiB,71.6 MiB,675 MiB,162 MiB,,,,,,,169 MiB,167 MiB,,,,,,
2026-04-20 10:34:40,22.9 MiB,,675 MiB,163 MiB,,,,,,,169 MiB,,,,,,,
2026-04-20 10:34:45,23.2 MiB,,,,,,,,,,,,,,,,,
2026-04-20 10:34:50,22.9 MiB,32.3 MiB,,,,,,,,,,66.3 MiB,68.5 MiB,,,,,
2026-04-20 10:34:55,22.4 MiB,41.2 MiB,66.3 MiB,64.3 MiB,,,,,,,70.8 MiB,72.6 MiB,81.0 MiB,64.6 MiB,64.3 MiB,66.7 MiB,,
2026-04-20 10:35:00,22.9 MiB,47.6 MiB,72.8 MiB,72.7 MiB,,,,,,,81.3 MiB,79.1 MiB,81.4 MiB,73.0 MiB,77.1 MiB,71.2 MiB,,
2026-04-20 10:35:05,23.8 MiB,47.6 MiB,81.4 MiB,79.4 MiB,,,,,,,85.6 MiB,85.5 MiB,90.0 MiB,79.4 MiB,77.5 MiB,85.8 MiB,,
2026-04-20 10:35:10,23.6 MiB,47.6 MiB,91.5 MiB,87.6 MiB,,,,,,,95.8 MiB,95.7 MiB,98.3 MiB,91.8 MiB,87.7 MiB,91.9 MiB,,
2026-04-20 10:35:15,23.6 MiB,47.6 MiB,97.7 MiB,91.7 MiB,,,,,,,100 MiB,97.8 MiB,102 MiB,96.0 MiB,89.7 MiB,96.1 MiB,,
2026-04-20 10:35:20,24.0 MiB,49.6 MiB,99.8 MiB,95.8 MiB,,,,,,,102 MiB,102 MiB,106 MiB,98.1 MiB,93.8 MiB,98.1 MiB,,
2026-04-20 10:35:25,22.7 MiB,49.6 MiB,106 MiB,97.9 MiB,,,,,,,106 MiB,106 MiB,108 MiB,102 MiB,98 MiB,102 MiB,,
2026-04-20 10:35:30,22.6 MiB,49.6 MiB,108 MiB,99.9 MiB,,,,,,,108 MiB,108 MiB,111 MiB,106 MiB,100 MiB,104 MiB,,
2026-04-20 10:35:35,23.2 MiB,49.6 MiB,108 MiB,104 MiB,,,,,,,110 MiB,110 MiB,111 MiB,108 MiB,104 MiB,111 MiB,,
2026-04-20 10:35:40,22.8 MiB,49.6 MiB,108 MiB,106 MiB,,,,,,,115 MiB,110 MiB,111 MiB,110 MiB,108 MiB,111 MiB,,
2026-04-20 10:35:45,23.6 MiB,72.3 MiB,127 MiB,118 MiB,,,,,,,125 MiB,125 MiB,121 MiB,117 MiB,117 MiB,119 MiB,,
2026-04-20 10:35:50,23.6 MiB,75.9 MiB,139 MiB,131 MiB,,,,,,,129 MiB,139 MiB,138 MiB,133 MiB,135 MiB,127 MiB,,
2026-04-20 10:35:55,23.3 MiB,80.5 MiB,150 MiB,139 MiB,,,,,,,152 MiB,139 MiB,146 MiB,144 MiB,135 MiB,140 MiB,,
2026-04-20 10:36:00,23.3 MiB,78.0 MiB,152 MiB,143 MiB,,,,,,,156 MiB,145 MiB,146 MiB,144 MiB,152 MiB,140 MiB,,
2026-04-20 10:36:05,23.3 MiB,80.5 MiB,150 MiB,143 MiB,,,,,,,158 MiB,147 MiB,150 MiB,144 MiB,151 MiB,140 MiB,,
2026-04-20 10:36:10,23.1 MiB,82.6 MiB,155 MiB,143 MiB,,,,,,,156 MiB,150 MiB,150 MiB,144 MiB,149 MiB,146 MiB,,
2026-04-20 10:36:15,23.5 MiB,86.8 MiB,155 MiB,143 MiB,,,,,,,156 MiB,149 MiB,150 MiB,148 MiB,145 MiB,146 MiB,,
2026-04-20 10:36:20,23.2 MiB,86.8 MiB,150 MiB,143 MiB,,,,,,,158 MiB,149 MiB,150 MiB,148 MiB,145 MiB,146 MiB,,
2026-04-20 10:36:25,23.4 MiB,88.9 MiB,149 MiB,143 MiB,,,,,,,159 MiB,149 MiB,150 MiB,148 MiB,145 MiB,146 MiB,,
2026-04-20 10:36:30,23.4 MiB,87.9 MiB,150 MiB,145 MiB,,,,,,,160 MiB,150 MiB,150 MiB,148 MiB,151 MiB,146 MiB,,
2026-04-20 10:36:35,23.9 MiB,87.9 MiB,150 MiB,148 MiB,,,,,,,162 MiB,150 MiB,150 MiB,148 MiB,151 MiB,146 MiB,,
2026-04-20 10:36:40,24.1 MiB,87.9 MiB,150 MiB,150 MiB,,,,,,,162 MiB,150 MiB,150 MiB,148 MiB,151 MiB,146 MiB,,
2026-04-20 10:36:45,22.6 MiB,87.9 MiB,150 MiB,150 MiB,,,,,,,162 MiB,150 MiB,150 MiB,148 MiB,151 MiB,146 MiB,,
2026-04-20 10:36:50,23.1 MiB,87.9 MiB,150 MiB,150 MiB,,,,,,,162 MiB,150 MiB,150 MiB,148 MiB,151 MiB,146 MiB,,
2026-04-20 10:36:55,23.3 MiB,87.9 MiB,150 MiB,150 MiB,,,,,,,162 MiB,150 MiB,150 MiB,148 MiB,153 MiB,146 MiB,,
2026-04-20 10:37:00,23.3 MiB,88.1 MiB,150 MiB,150 MiB,,,,,,,162 MiB,150 MiB,150 MiB,148 MiB,153 MiB,146 MiB,,
2026-04-20 10:37:05,23.2 MiB,92.1 MiB,153 MiB,150 MiB,,,,,,,162 MiB,155 MiB,156 MiB,150 MiB,151 MiB,153 MiB,,
2026-04-20 10:37:10,23.4 MiB,106 MiB,156 MiB,152 MiB,,,,,,,164 MiB,158 MiB,156 MiB,152 MiB,156 MiB,148 MiB,,
2026-04-20 10:37:15,23.0 MiB,117 MiB,159 MiB,154 MiB,,,,,,,162 MiB,155 MiB,161 MiB,156 MiB,154 MiB,152 MiB,,
2026-04-20 10:37:20,24.1 MiB,90.7 MiB,161 MiB,155 MiB,,,,,,,164 MiB,157 MiB,163 MiB,157 MiB,154 MiB,157 MiB,,
2026-04-20 10:37:25,22.8 MiB,103 MiB,166 MiB,160 MiB,,,,,,,162 MiB,151 MiB,163 MiB,156 MiB,154 MiB,154 MiB,,
2026-04-20 10:37:30,22.7 MiB,110 MiB,163 MiB,161 MiB,,,,,,,169 MiB,159 MiB,160 MiB,165 MiB,157 MiB,159 MiB,,
2026-04-20 10:37:35,23.0 MiB,112 MiB,166 MiB,163 MiB,,,,,,,172 MiB,166 MiB,163 MiB,160 MiB,161 MiB,161 MiB,,
2026-04-20 10:37:40,23.8 MiB,111 MiB,168 MiB,163 MiB,,,,,,,172 MiB,164 MiB,165 MiB,165 MiB,163 MiB,161 MiB,,
2026-04-20 10:37:45,23.3 MiB,111 MiB,168 MiB,163 MiB,,,,,,,172 MiB,164 MiB,165 MiB,165 MiB,163 MiB,161 MiB,,
2026-04-20 10:37:50,23.7 MiB,111 MiB,168 MiB,163 MiB,,,,,,,172 MiB,164 MiB,165 MiB,165 MiB,164 MiB,162 MiB,,
2026-04-20 10:37:55,23.8 MiB,111 MiB,168 MiB,163 MiB,,,,,,,172 MiB,164 MiB,165 MiB,166 MiB,164 MiB,163 MiB,,
2026-04-20 10:38:00,23.4 MiB,112 MiB,168 MiB,163 MiB,,,,,,,172 MiB,164 MiB,165 MiB,166 MiB,164 MiB,163 MiB,,
2026-04-20 10:38:05,24.1 MiB,112 MiB,168 MiB,163 MiB,,,,,,,172 MiB,164 MiB,166 MiB,166 MiB,164 MiB,163 MiB,,
2026-04-20 10:38:10,24.6 MiB,112 MiB,168 MiB,163 MiB,,,,,,,172 MiB,164 MiB,166 MiB,166 MiB,164 MiB,163 MiB,,
2026-04-20 10:38:15,23.9 MiB,112 MiB,168 MiB,163 MiB,,,,,,,172 MiB,164 MiB,167 MiB,166 MiB,164 MiB,163 MiB,,
2026-04-20 10:38:20,24.5 MiB,87.9 MiB,168 MiB,171 MiB,,,,,,,177 MiB,166 MiB,172 MiB,168 MiB,168 MiB,164 MiB,,
2026-04-20 10:38:25,23.6 MiB,97.1 MiB,173 MiB,169 MiB,,,,,,,177 MiB,172 MiB,171 MiB,170 MiB,165 MiB,167 MiB,,
2026-04-20 10:38:30,23.9 MiB,116 MiB,182 MiB,175 MiB,,,,,,,179 MiB,170 MiB,174 MiB,176 MiB,172 MiB,172 MiB,,
2026-04-20 10:38:35,23.4 MiB,101 MiB,188 MiB,175 MiB,,,,,,,181 MiB,181 MiB,183 MiB,176 MiB,170 MiB,179 MiB,,
2026-04-20 10:38:40,23.7 MiB,79.4 MiB,204 MiB,189 MiB,,,,,,,199 MiB,195 MiB,195 MiB,192 MiB,186 MiB,190 MiB,,
2026-04-20 10:38:45,24.3 MiB,105 MiB,202 MiB,189 MiB,,,,,,,200 MiB,198 MiB,198 MiB,197 MiB,191 MiB,194 MiB,,
2026-04-20 10:38:50,23.3 MiB,71.8 MiB,203 MiB,192 MiB,,,,,,,204 MiB,203 MiB,201 MiB,198 MiB,195 MiB,199 MiB,,
2026-04-20 10:38:55,23.9 MiB,88.9 MiB,199 MiB,187 MiB,,,,,,,197 MiB,198 MiB,197 MiB,193 MiB,195 MiB,190 MiB,,
2026-04-20 10:39:00,23.3 MiB,89.6 MiB,202 MiB,188 MiB,,,,,,,200 MiB,198 MiB,197 MiB,194 MiB,195 MiB,193 MiB,,
2026-04-20 10:39:05,23.6 MiB,90.2 MiB,202 MiB,188 MiB,,,,,,,200 MiB,198 MiB,197 MiB,194 MiB,195 MiB,193 MiB,,
2026-04-20 10:39:10,23.7 MiB,90.2 MiB,202 MiB,188 MiB,,,,,,,200 MiB,199 MiB,197 MiB,194 MiB,195 MiB,194 MiB,,
2026-04-20 10:39:15,23.4 MiB,90.2 MiB,202 MiB,189 MiB,,,,,,,200 MiB,199 MiB,197 MiB,194 MiB,195 MiB,194 MiB,,
2026-04-20 10:39:20,23.7 MiB,90.2 MiB,202 MiB,189 MiB,,,,,,,202 MiB,199 MiB,198 MiB,194 MiB,195 MiB,194 MiB,,
2026-04-20 10:39:25,23.2 MiB,90.2 MiB,202 MiB,189 MiB,,,,,,,202 MiB,199 MiB,198 MiB,195 MiB,195 MiB,194 MiB,,
2026-04-20 10:39:30,23.8 MiB,90.2 MiB,202 MiB,189 MiB,,,,,,,202 MiB,199 MiB,198 MiB,195 MiB,195 MiB,194 MiB,,
2026-04-20 10:39:35,23.3 MiB,91.8 MiB,202 MiB,192 MiB,,,,,,,202 MiB,199 MiB,198 MiB,195 MiB,195 MiB,194 MiB,,
2026-04-20 10:39:40,24.0 MiB,92.5 MiB,202 MiB,188 MiB,,,,,,,199 MiB,195 MiB,190 MiB,193 MiB,185 MiB,190 MiB,,
2026-04-20 10:39:45,23.6 MiB,93.5 MiB,200 MiB,182 MiB,,,,,,,193 MiB,191 MiB,188 MiB,193 MiB,185 MiB,193 MiB,,
2026-04-20 10:39:50,23.5 MiB,97.6 MiB,201 MiB,190 MiB,,,,,,,199 MiB,190 MiB,191 MiB,192 MiB,188 MiB,192 MiB,,
2026-04-20 10:39:55,23.9 MiB,79.8 MiB,209 MiB,192 MiB,,,,,,,204 MiB,196 MiB,197 MiB,194 MiB,193 MiB,198 MiB,,
2026-04-20 10:40:00,23.1 MiB,95.8 MiB,215 MiB,201 MiB,,,,,,,213 MiB,200 MiB,205 MiB,205 MiB,201 MiB,202 MiB,,
2026-04-20 10:40:05,22.8 MiB,82.6 MiB,223 MiB,208 MiB,,,,,,,219 MiB,213 MiB,214 MiB,209 MiB,208 MiB,211 MiB,,
2026-04-20 10:40:10,23.4 MiB,104 MiB,228 MiB,210 MiB,,,,,,,220 MiB,215 MiB,216 MiB,215 MiB,210 MiB,216 MiB,,
2026-04-20 10:40:15,23.6 MiB,82.9 MiB,232 MiB,216 MiB,,,,,,,226 MiB,217 MiB,216 MiB,215 MiB,214 MiB,215 MiB,,
2026-04-20 10:40:20,24.4 MiB,101 MiB,229 MiB,218 MiB,,,,,,,225 MiB,205 MiB,204 MiB,217 MiB,213 MiB,217 MiB,,
2026-04-20 10:40:25,24.9 MiB,85.8 MiB,213 MiB,197 MiB,,,,,,,206 MiB,204 MiB,199 MiB,198 MiB,196 MiB,194 MiB,,
2026-04-20 10:40:30,23.7 MiB,101 MiB,219 MiB,208 MiB,,,,,,,216 MiB,208 MiB,207 MiB,207 MiB,202 MiB,204 MiB,,
2026-04-20 10:40:35,23.8 MiB,87.3 MiB,224 MiB,210 MiB,,,,,,,215 MiB,212 MiB,215 MiB,211 MiB,209 MiB,212 MiB,,
2026-04-20 10:40:40,23.8 MiB,111 MiB,233 MiB,218 MiB,,,,,,,226 MiB,232 MiB,224 MiB,218 MiB,214 MiB,225 MiB,,
2026-04-20 10:40:45,23.5 MiB,95.8 MiB,242 MiB,230 MiB,,,,,,,236 MiB,236 MiB,243 MiB,232 MiB,230 MiB,230 MiB,,
2026-04-20 10:40:50,23.6 MiB,115 MiB,252 MiB,236 MiB,,,,,,,242 MiB,210 MiB,213 MiB,237 MiB,233 MiB,232 MiB,,
2026-04-20 10:40:55,23.2 MiB,96.8 MiB,216 MiB,211 MiB,,,,,,,212 MiB,205 MiB,209 MiB,210 MiB,202 MiB,205 MiB,,
2026-04-20 10:41:00,23.2 MiB,90.5 MiB,223 MiB,209 MiB,,,,,,,218 MiB,216 MiB,220 MiB,211 MiB,208 MiB,209 MiB,,
2026-04-20 10:41:05,23.2 MiB,106 MiB,222 MiB,219 MiB,,,,,,,221 MiB,216 MiB,220 MiB,218 MiB,210 MiB,210 MiB,,
2026-04-20 10:41:10,23.0 MiB,95.5 MiB,231 MiB,222 MiB,,,,,,,226 MiB,225 MiB,221 MiB,224 MiB,221 MiB,220 MiB,,
2026-04-20 10:41:15,22.8 MiB,115 MiB,239 MiB,228 MiB,,,,,,,233 MiB,230 MiB,225 MiB,231 MiB,221 MiB,228 MiB,,
2026-04-20 10:41:20,23.0 MiB,98.9 MiB,237 MiB,228 MiB,,,,,,,232 MiB,212 MiB,208 MiB,230 MiB,225 MiB,228 MiB,,
2026-04-20 10:41:25,23.2 MiB,86.2 MiB,219 MiB,215 MiB,,,,,,,212 MiB,216 MiB,217 MiB,209 MiB,202 MiB,222 MiB,,
2026-04-20 10:41:30,23.0 MiB,109 MiB,231 MiB,220 MiB,,,,,,,223 MiB,226 MiB,226 MiB,220 MiB,221 MiB,221 MiB,,
2026-04-20 10:41:35,23.5 MiB,95.0 MiB,243 MiB,226 MiB,,,,,,,235 MiB,229 MiB,236 MiB,234 MiB,226 MiB,231 MiB,,
2026-04-20 10:41:40,23.6 MiB,119 MiB,250 MiB,237 MiB,,,,,,,246 MiB,240 MiB,241 MiB,234 MiB,237 MiB,238 MiB,,
2026-04-20 10:41:45,23.7 MiB,123 MiB,253 MiB,242 MiB,,,,,,,249 MiB,247 MiB,247 MiB,244 MiB,242 MiB,245 MiB,,
2026-04-20 10:41:50,23.2 MiB,120 MiB,268 MiB,257 MiB,,,,,,,265 MiB,230 MiB,240 MiB,251 MiB,255 MiB,254 MiB,,
2026-04-20 10:41:55,23.9 MiB,121 MiB,249 MiB,224 MiB,,,,,,,231 MiB,221 MiB,226 MiB,226 MiB,224 MiB,230 MiB,,
2026-04-20 10:42:00,24.1 MiB,112 MiB,250 MiB,226 MiB,,,,,,,233 MiB,231 MiB,233 MiB,220 MiB,233 MiB,232 MiB,,
2026-04-20 10:42:05,24.0 MiB,107 MiB,269 MiB,237 MiB,,,,,,,247 MiB,247 MiB,245 MiB,241 MiB,240 MiB,240 MiB,,
2026-04-20 10:42:10,23.8 MiB,137 MiB,274 MiB,244 MiB,,,,,,,260 MiB,256 MiB,254 MiB,250 MiB,250 MiB,254 MiB,,
2026-04-20 10:42:15,24.0 MiB,125 MiB,278 MiB,256 MiB,,,,,,,259 MiB,256 MiB,256 MiB,257 MiB,252 MiB,258 MiB,,
2026-04-20 10:42:20,24.4 MiB,117 MiB,278 MiB,252 MiB,,,,,,,266 MiB,237 MiB,243 MiB,262 MiB,257 MiB,263 MiB,,
2026-04-20 10:42:25,23.6 MiB,114 MiB,243 MiB,227 MiB,,,,,,,240 MiB,235 MiB,233 MiB,232 MiB,226 MiB,233 MiB,,
2026-04-20 10:42:30,23.5 MiB,111 MiB,252 MiB,233 MiB,,,,,,,244 MiB,239 MiB,244 MiB,234 MiB,233 MiB,237 MiB,,
2026-04-20 10:42:35,23.6 MiB,104 MiB,276 MiB,241 MiB,,,,,,,255 MiB,249 MiB,248 MiB,247 MiB,244 MiB,244 MiB,,
2026-04-20 10:42:40,23.8 MiB,137 MiB,265 MiB,248 MiB,,,,,,,259 MiB,247 MiB,253 MiB,245 MiB,249 MiB,246 MiB,,
2026-04-20 10:42:45,24.1 MiB,124 MiB,278 MiB,251 MiB,,,,,,,257 MiB,254 MiB,256 MiB,250 MiB,254 MiB,252 MiB,,
2026-04-20 10:42:50,23.5 MiB,124 MiB,282 MiB,255 MiB,,,,,,,265 MiB,235 MiB,261 MiB,257 MiB,258 MiB,258 MiB,,
2026-04-20 10:42:55,23.8 MiB,122 MiB,269 MiB,224 MiB,,,,,,,226 MiB,234 MiB,226 MiB,235 MiB,223 MiB,229 MiB,,
2026-04-20 10:43:00,23.3 MiB,119 MiB,263 MiB,228 MiB,,,,,,,237 MiB,236 MiB,236 MiB,234 MiB,226 MiB,226 MiB,,
2026-04-20 10:43:05,24.0 MiB,141 MiB,268 MiB,235 MiB,,,,,,,246 MiB,239 MiB,234 MiB,234 MiB,234 MiB,230 MiB,,
2026-04-20 10:43:10,23.6 MiB,141 MiB,270 MiB,235 MiB,,,,,,,249 MiB,259 MiB,245 MiB,236 MiB,237 MiB,242 MiB,,
2026-04-20 10:43:15,24 MiB,128 MiB,279 MiB,250 MiB,,,,,,,254 MiB,252 MiB,247 MiB,243 MiB,242 MiB,249 MiB,,
2026-04-20 10:43:20,23.7 MiB,129 MiB,283 MiB,255 MiB,,,,,,,261 MiB,252 MiB,255 MiB,246 MiB,252 MiB,253 MiB,,
2026-04-20 10:43:25,24.1 MiB,123 MiB,258 MiB,239 MiB,,,,,,,227 MiB,225 MiB,218 MiB,217 MiB,216 MiB,223 MiB,,
2026-04-20 10:43:30,23.6 MiB,113 MiB,266 MiB,231 MiB,,,,,,,225 MiB,226 MiB,233 MiB,226 MiB,222 MiB,225 MiB,,
2026-04-20 10:43:35,24.1 MiB,138 MiB,273 MiB,239 MiB,,,,,,,244 MiB,242 MiB,245 MiB,241 MiB,231 MiB,235 MiB,,
2026-04-20 10:43:40,23.4 MiB,130 MiB,276 MiB,242 MiB,,,,,,,256 MiB,242 MiB,248 MiB,245 MiB,241 MiB,246 MiB,,
2026-04-20 10:43:45,23.8 MiB,124 MiB,275 MiB,247 MiB,,,,,,,257 MiB,253 MiB,255 MiB,248 MiB,247 MiB,248 MiB,,
2026-04-20 10:43:50,23.6 MiB,113 MiB,282 MiB,248 MiB,,,,,,,259 MiB,226 MiB,227 MiB,253 MiB,250 MiB,247 MiB,,
2026-04-20 10:43:55,24.0 MiB,109 MiB,267 MiB,242 MiB,,,,,,,242 MiB,239 MiB,232 MiB,231 MiB,228 MiB,235 MiB,,
2026-04-20 10:44:00,24.0 MiB,135 MiB,288 MiB,249 MiB,,,,,,,243 MiB,239 MiB,243 MiB,237 MiB,236 MiB,242 MiB,,
2026-04-20 10:44:05,24.0 MiB,133 MiB,290 MiB,255 MiB,,,,,,,247 MiB,253 MiB,248 MiB,244 MiB,243 MiB,239 MiB,,
2026-04-20 10:44:10,24.0 MiB,131 MiB,290 MiB,257 MiB,,,,,,,252 MiB,255 MiB,247 MiB,242 MiB,243 MiB,243 MiB,,
2026-04-20 10:44:15,24.3 MiB,116 MiB,294 MiB,260 MiB,,,,,,,261 MiB,254 MiB,248 MiB,250 MiB,246 MiB,247 MiB,,
2026-04-20 10:44:20,24.4 MiB,110 MiB,298 MiB,262 MiB,,,,,,,269 MiB,231 MiB,230 MiB,251 MiB,245 MiB,255 MiB,,
2026-04-20 10:44:25,23.6 MiB,140 MiB,254 MiB,236 MiB,,,,,,,236 MiB,231 MiB,245 MiB,240 MiB,240 MiB,242 MiB,,
2026-04-20 10:44:30,23.8 MiB,132 MiB,271 MiB,244 MiB,,,,,,,246 MiB,244 MiB,252 MiB,247 MiB,236 MiB,237 MiB,,
2026-04-20 10:44:35,23.5 MiB,120 MiB,271 MiB,248 MiB,,,,,,,252 MiB,252 MiB,252 MiB,245 MiB,252 MiB,248 MiB,,
2026-04-20 10:44:40,23.6 MiB,99.5 MiB,258 MiB,247 MiB,,,,,,,253 MiB,247 MiB,248 MiB,245 MiB,243 MiB,242 MiB,,
2026-04-20 10:44:45,23.0 MiB,95.2 MiB,254 MiB,243 MiB,,,,,,,248 MiB,247 MiB,250 MiB,242 MiB,242 MiB,244 MiB,,
2026-04-20 10:44:50,24.0 MiB,95.2 MiB,255 MiB,243 MiB,,,,,,,248 MiB,247 MiB,250 MiB,242 MiB,242 MiB,244 MiB,,
2026-04-20 10:44:55,24.4 MiB,95.8 MiB,228 MiB,243 MiB,,,,,,,248 MiB,247 MiB,223 MiB,242 MiB,242 MiB,244 MiB,,
2026-04-20 10:45:00,23.7 MiB,96.3 MiB,228 MiB,243 MiB,,,,,,,248 MiB,247 MiB,223 MiB,242 MiB,220 MiB,244 MiB,,
2026-04-20 10:45:05,24.0 MiB,96.9 MiB,229 MiB,243 MiB,,,,,,,248 MiB,247 MiB,223 MiB,242 MiB,220 MiB,244 MiB,,
2026-04-20 10:45:10,23.8 MiB,96.9 MiB,230 MiB,243 MiB,,,,,,,248 MiB,247 MiB,223 MiB,243 MiB,220 MiB,244 MiB,,
2026-04-20 10:45:15,23.9 MiB,97.6 MiB,230 MiB,243 MiB,,,,,,,248 MiB,247 MiB,223 MiB,243 MiB,220 MiB,244 MiB,,
2026-04-20 10:45:20,23.9 MiB,109 MiB,233 MiB,225 MiB,,,,,,,228 MiB,220 MiB,225 MiB,220 MiB,225 MiB,231 MiB,,
2026-04-20 10:45:25,23.7 MiB,118 MiB,221 MiB,224 MiB,,,,,,,222 MiB,224 MiB,220 MiB,225 MiB,214 MiB,219 MiB,,
2026-04-20 10:45:30,24.1 MiB,118 MiB,221 MiB,224 MiB,,,,,,,222 MiB,224 MiB,221 MiB,225 MiB,215 MiB,219 MiB,,
2026-04-20 10:45:35,23.9 MiB,102 MiB,232 MiB,226 MiB,,,,,,,229 MiB,228 MiB,230 MiB,224 MiB,220 MiB,224 MiB,,
2026-04-20 10:45:40,23.7 MiB,101 MiB,245 MiB,229 MiB,,,,,,,234 MiB,226 MiB,230 MiB,227 MiB,226 MiB,231 MiB,,
2026-04-20 10:45:45,23.7 MiB,104 MiB,233 MiB,232 MiB,,,,,,,235 MiB,230 MiB,231 MiB,224 MiB,231 MiB,229 MiB,,
2026-04-20 10:45:50,23.9 MiB,105 MiB,233 MiB,232 MiB,,,,,,,234 MiB,230 MiB,229 MiB,225 MiB,231 MiB,229 MiB,,
2026-04-20 10:45:55,23.8 MiB,105 MiB,233 MiB,232 MiB,,,,,,,234 MiB,230 MiB,229 MiB,225 MiB,231 MiB,230 MiB,,
2026-04-20 10:46:00,24.4 MiB,106 MiB,233 MiB,233 MiB,,,,,,,234 MiB,230 MiB,229 MiB,225 MiB,231 MiB,231 MiB,,
2026-04-20 10:46:05,23.8 MiB,106 MiB,233 MiB,221 MiB,,,,,,,234 MiB,230 MiB,229 MiB,225 MiB,231 MiB,231 MiB,,
2026-04-20 10:46:10,23.4 MiB,106 MiB,234 MiB,221 MiB,,,,,,,234 MiB,230 MiB,229 MiB,225 MiB,231 MiB,232 MiB,,
2026-04-20 10:46:15,24.0 MiB,106 MiB,234 MiB,221 MiB,,,,,,,234 MiB,230 MiB,229 MiB,225 MiB,231 MiB,222 MiB,,
2026-04-20 10:46:20,24.3 MiB,106 MiB,234 MiB,221 MiB,,,,,,,229 MiB,230 MiB,229 MiB,225 MiB,231 MiB,222 MiB,,
2026-04-20 10:46:25,23.6 MiB,106 MiB,295 MiB,221 MiB,,,,,,,229 MiB,230 MiB,229 MiB,226 MiB,231 MiB,222 MiB,,
2026-04-20 10:46:30,24.3 MiB,106 MiB,562 MiB,221 MiB,,,,,,,229 MiB,230 MiB,229 MiB,226 MiB,231 MiB,222 MiB,,
2026-04-20 10:46:35,23.3 MiB,106 MiB,1.05 GiB,222 MiB,,,,,,,229 MiB,230 MiB,229 MiB,226 MiB,231 MiB,222 MiB,,
2026-04-20 10:46:40,23.8 MiB,106 MiB,1.50 GiB,222 MiB,,,,,,,229 MiB,230 MiB,229 MiB,227 MiB,231 MiB,222 MiB,,
2026-04-20 10:46:45,23.4 MiB,106 MiB,1.97 GiB,222 MiB,,,,,,,229 MiB,230 MiB,229 MiB,227 MiB,231 MiB,222 MiB,,
2026-04-20 10:46:50,23.6 MiB,103 MiB,2.31 GiB,222 MiB,,,,,,,230 MiB,230 MiB,229 MiB,227 MiB,231 MiB,221 MiB,,
2026-04-20 10:46:55,23.0 MiB,103 MiB,2.82 GiB,222 MiB,,,,,,,230 MiB,227 MiB,229 MiB,226 MiB,231 MiB,221 MiB,,
2026-04-20 10:47:00,23.6 MiB,103 MiB,1.93 GiB,222 MiB,,,,,,,230 MiB,227 MiB,229 MiB,226 MiB,231 MiB,221 MiB,,
2026-04-20 10:47:05,23.2 MiB,103 MiB,1.91 GiB,222 MiB,,,,,,,230 MiB,227 MiB,229 MiB,227 MiB,231 MiB,222 MiB,,
2026-04-20 10:47:10,24.2 MiB,103 MiB,1.90 GiB,222 MiB,,,,,,,231 MiB,227 MiB,229 MiB,227 MiB,231 MiB,222 MiB,,
2026-04-20 10:47:15,24.3 MiB,104 MiB,1.80 GiB,222 MiB,,,,,,,231 MiB,227 MiB,229 MiB,227 MiB,231 MiB,223 MiB,,
2026-04-20 10:47:20,23.7 MiB,104 MiB,1.77 GiB,222 MiB,,,,,,,231 MiB,227 MiB,229 MiB,227 MiB,231 MiB,223 MiB,,
2026-04-20 10:47:25,24.3 MiB,104 MiB,1.67 GiB,222 MiB,,,,,,,231 MiB,227 MiB,229 MiB,227 MiB,231 MiB,223 MiB,,
2026-04-20 10:47:30,24.1 MiB,104 MiB,1.52 GiB,222 MiB,,,,,,,231 MiB,227 MiB,229 MiB,224 MiB,231 MiB,223 MiB,,
2026-04-20 10:47:35,23.6 MiB,104 MiB,1.52 GiB,222 MiB,,,,,,,231 MiB,227 MiB,229 MiB,224 MiB,231 MiB,223 MiB,,
2026-04-20 10:47:40,24.1 MiB,104 MiB,1.48 GiB,222 MiB,,,,,,,231 MiB,227 MiB,229 MiB,224 MiB,231 MiB,223 MiB,,
2026-04-20 10:47:45,23.8 MiB,104 MiB,1.40 GiB,222 MiB,,,,,,,231 MiB,227 MiB,229 MiB,224 MiB,231 MiB,223 MiB,,
2026-04-20 10:47:50,23.9 MiB,104 MiB,1.39 GiB,222 MiB,,,,,,,231 MiB,227 MiB,193 MiB,224 MiB,189 MiB,223 MiB,,
2026-04-20 10:47:55,23.5 MiB,71.7 MiB,1.39 GiB,222 MiB,,,,,,,231 MiB,227 MiB,193 MiB,224 MiB,189 MiB,223 MiB,,
2026-04-20 10:48:00,23.8 MiB,71.7 MiB,1.39 GiB,222 MiB,,,,,,,231 MiB,227 MiB,193 MiB,224 MiB,189 MiB,223 MiB,,
2026-04-20 10:48:05,23.3 MiB,71.7 MiB,1.38 GiB,192 MiB,,,,,,,231 MiB,227 MiB,194 MiB,224 MiB,189 MiB,223 MiB,,
2026-04-20 10:48:10,23.8 MiB,71.7 MiB,1.38 GiB,192 MiB,,,,,,,231 MiB,227 MiB,195 MiB,224 MiB,189 MiB,223 MiB,,
2026-04-20 10:48:15,23.6 MiB,71.7 MiB,1.38 GiB,192 MiB,,,,,,,231 MiB,227 MiB,195 MiB,224 MiB,189 MiB,198 MiB,,
2026-04-20 10:48:20,23.1 MiB,71.7 MiB,1.38 GiB,193 MiB,,,,,,,197 MiB,227 MiB,195 MiB,224 MiB,189 MiB,198 MiB,,
2026-04-20 10:48:25,23.7 MiB,71.7 MiB,1.38 GiB,193 MiB,,,,,,,197 MiB,228 MiB,195 MiB,224 MiB,189 MiB,198 MiB,,
2026-04-20 10:48:30,23.7 MiB,71.7 MiB,1.38 GiB,194 MiB,,,,,,,197 MiB,228 MiB,195 MiB,224 MiB,189 MiB,198 MiB,,
2026-04-20 10:48:35,23.4 MiB,71.7 MiB,1.39 GiB,195 MiB,,,,,,,197 MiB,228 MiB,196 MiB,224 MiB,189 MiB,198 MiB,,
2026-04-20 10:48:40,24.2 MiB,72.3 MiB,1.39 GiB,195 MiB,,,,,,,197 MiB,228 MiB,196 MiB,224 MiB,189 MiB,198 MiB,,
2026-04-20 10:48:45,24.2 MiB,72.3 MiB,1.39 GiB,195 MiB,,,,,,,197 MiB,228 MiB,196 MiB,224 MiB,190 MiB,199 MiB,,
2026-04-20 10:48:50,24.4 MiB,72.3 MiB,1.40 GiB,195 MiB,,,,,,,197 MiB,228 MiB,196 MiB,224 MiB,190 MiB,199 MiB,,
2026-04-20 10:48:55,24.4 MiB,72.3 MiB,1.41 GiB,195 MiB,,,,,,,198 MiB,181 MiB,196 MiB,224 MiB,190 MiB,199 MiB,,
2026-04-20 10:49:00,23.5 MiB,72.3 MiB,1.40 GiB,195 MiB,,,,,,,199 MiB,181 MiB,196 MiB,224 MiB,190 MiB,199 MiB,,
2026-04-20 10:49:05,23.9 MiB,72.3 MiB,1.40 GiB,196 MiB,,,,,,,199 MiB,181 MiB,196 MiB,224 MiB,190 MiB,199 MiB,,
2026-04-20 10:49:10,23.4 MiB,72.3 MiB,,196 MiB,,,,,,,199 MiB,181 MiB,196 MiB,224 MiB,190 MiB,199 MiB,,
2026-04-20 10:49:15,24.0 MiB,72.3 MiB,,196 MiB,,,,,,,199 MiB,181 MiB,196 MiB,224 MiB,190 MiB,199 MiB,,
2026-04-20 10:49:20,23.3 MiB,72.3 MiB,,196 MiB,,,,,,,199 MiB,181 MiB,196 MiB,224 MiB,190 MiB,199 MiB,,
2026-04-20 10:49:25,23.5 MiB,72.3 MiB,,197 MiB,,,,,,,199 MiB,181 MiB,197 MiB,224 MiB,190 MiB,199 MiB,,
2026-04-20 10:49:30,23.8 MiB,72.3 MiB,,197 MiB,,,,,,,199 MiB,181 MiB,197 MiB,192 MiB,190 MiB,199 MiB,,
2026-04-20 10:49:35,23.2 MiB,72.3 MiB,,197 MiB,,,,,,,199 MiB,181 MiB,197 MiB,192 MiB,190 MiB,199 MiB,,
2026-04-20 10:49:40,23.9 MiB,72.3 MiB,,197 MiB,,,,,,,199 MiB,182 MiB,197 MiB,192 MiB,190 MiB,199 MiB,,
2026-04-20 10:49:45,23.6 MiB,72.3 MiB,,197 MiB,,,,,,,199 MiB,182 MiB,197 MiB,192 MiB,190 MiB,199 MiB,,
2026-04-20 10:49:50,23.8 MiB,72.3 MiB,,197 MiB,,,,,,,199 MiB,182 MiB,193 MiB,192 MiB,189 MiB,199 MiB,,
2026-04-20 10:49:55,23.2 MiB,71.6 MiB,,197 MiB,,,,,,,199 MiB,182 MiB,193 MiB,192 MiB,189 MiB,199 MiB,,
2026-04-20 10:50:00,23.4 MiB,71.6 MiB,,197 MiB,,,,,,,199 MiB,182 MiB,193 MiB,192 MiB,189 MiB,199 MiB,,
2026-04-20 10:50:05,23.6 MiB,71.6 MiB,,192 MiB,,,,,,,199 MiB,182 MiB,193 MiB,192 MiB,189 MiB,199 MiB,,
2026-04-20 10:50:10,23.8 MiB,71.6 MiB,,192 MiB,,,,,,,199 MiB,183 MiB,193 MiB,192 MiB,189 MiB,199 MiB,,
2026-04-20 10:50:15,24.1 MiB,71.6 MiB,,192 MiB,,,,,,,199 MiB,183 MiB,193 MiB,192 MiB,189 MiB,195 MiB,,
2026-04-20 10:50:20,24.0 MiB,71.6 MiB,,192 MiB,,,,,,,197 MiB,183 MiB,193 MiB,192 MiB,189 MiB,195 MiB,,
2026-04-20 10:50:25,23.5 MiB,71.6 MiB,,192 MiB,,,,,,,197 MiB,183 MiB,193 MiB,192 MiB,189 MiB,195 MiB,,
2026-04-20 10:50:30,23.5 MiB,72.1 MiB,,192 MiB,,,,,,,197 MiB,183 MiB,193 MiB,192 MiB,189 MiB,195 MiB,,
2026-04-20 10:50:35,23.6 MiB,72.1 MiB,,192 MiB,,,,,,,197 MiB,183 MiB,193 MiB,192 MiB,189 MiB,195 MiB,,
2026-04-20 10:50:40,23.6 MiB,72.1 MiB,,192 MiB,,,,,,,197 MiB,183 MiB,193 MiB,192 MiB,190 MiB,195 MiB,,
2026-04-20 10:50:45,23.6 MiB,72.1 MiB,,192 MiB,,,,,,,197 MiB,183 MiB,193 MiB,192 MiB,190 MiB,195 MiB,,
2026-04-20 10:50:50,24.2 MiB,72.7 MiB,,192 MiB,,,,,,,198 MiB,183 MiB,193 MiB,192 MiB,190 MiB,195 MiB,,
2026-04-20 10:50:55,24.2 MiB,72.7 MiB,,192 MiB,,,,,,,198 MiB,181 MiB,193 MiB,192 MiB,190 MiB,195 MiB,,
2026-04-20 10:51:00,23.5 MiB,72.7 MiB,,192 MiB,,,,,,,198 MiB,181 MiB,193 MiB,192 MiB,190 MiB,195 MiB,,
2026-04-20 10:51:05,23.8 MiB,72.7 MiB,,192 MiB,,,,,,,198 MiB,181 MiB,193 MiB,192 MiB,190 MiB,195 MiB,,
2026-04-20 10:51:10,24.0 MiB,72.7 MiB,,192 MiB,,,,,,,198 MiB,181 MiB,193 MiB,192 MiB,190 MiB,195 MiB,,
2026-04-20 10:51:15,24.0 MiB,72.7 MiB,,192 MiB,,,,,,,199 MiB,181 MiB,193 MiB,192 MiB,191 MiB,195 MiB,,
2026-04-20 10:51:20,24.4 MiB,72.7 MiB,,192 MiB,,,,,,,199 MiB,182 MiB,193 MiB,192 MiB,191 MiB,195 MiB,,
2026-04-20 10:51:25,24.4 MiB,72.7 MiB,,192 MiB,,,,,,,199 MiB,182 MiB,193 MiB,192 MiB,191 MiB,196 MiB,,
2026-04-20 10:51:30,24.0 MiB,72.7 MiB,,192 MiB,,,,,,,199 MiB,183 MiB,193 MiB,191 MiB,191 MiB,196 MiB,,
2026-04-20 10:51:35,23.6 MiB,72.7 MiB,,192 MiB,,,,,,,200 MiB,183 MiB,193 MiB,191 MiB,191 MiB,196 MiB,,
2026-04-20 10:51:40,23.9 MiB,72.7 MiB,,192 MiB,,,,,,,200 MiB,183 MiB,194 MiB,191 MiB,191 MiB,196 MiB,,
2026-04-20 10:51:45,23.4 MiB,72.7 MiB,,192 MiB,,,,,,,200 MiB,183 MiB,194 MiB,191 MiB,191 MiB,196 MiB,,
2026-04-20 10:51:50,23.7 MiB,72.7 MiB,,192 MiB,,,,,,,200 MiB,183 MiB,194 MiB,191 MiB,191 MiB,196 MiB,,
2026-04-20 10:51:55,23.5 MiB,71.8 MiB,,192 MiB,,,,,,,200 MiB,183 MiB,194 MiB,192 MiB,191 MiB,196 MiB,,
2026-04-20 10:52:00,23.5 MiB,,,,,,,,,,,,,,,,,
2026-04-20 10:52:05,23.7 MiB,,,,,,,,,,,,,,,,,
2026-04-20 10:52:10,23.6 MiB,34.4 MiB,74.0 MiB,64.7 MiB,,66.4 MiB,,,60.7 MiB,74.1 MiB,67.9 MiB,63.9 MiB,64.0 MiB,70.3 MiB,64.6 MiB,64.2 MiB,68.4 MiB,
2026-04-20 10:52:15,23.8 MiB,49.9 MiB,76.2 MiB,77.4 MiB,73.9 MiB,78.9 MiB,74.6 MiB,72.4 MiB,77.2 MiB,89.1 MiB,80.7 MiB,83.0 MiB,81.0 MiB,80.6 MiB,81.4 MiB,81.2 MiB,85.1 MiB,64.0 MiB
2026-04-20 10:52:20,23.7 MiB,49.9 MiB,88.8 MiB,85.7 MiB,84.3 MiB,89.4 MiB,87.2 MiB,85.0 MiB,83.8 MiB,97.4 MiB,87.0 MiB,91.4 MiB,87.5 MiB,93.2 MiB,89.6 MiB,89.4 MiB,91.4 MiB,83.0 MiB
2026-04-20 10:52:25,23.7 MiB,49.9 MiB,97.3 MiB,96.3 MiB,93.0 MiB,95.9 MiB,93.8 MiB,93.3 MiB,94.3 MiB,110 MiB,99.7 MiB,104 MiB,95.6 MiB,99.5 MiB,102 MiB,99.9 MiB,104 MiB,91.4 MiB
2026-04-20 10:52:30,23.7 MiB,49.9 MiB,105 MiB,108 MiB,107 MiB,113 MiB,111 MiB,106 MiB,105 MiB,118 MiB,110 MiB,112 MiB,106 MiB,116 MiB,110 MiB,110 MiB,110 MiB,106 MiB
2026-04-20 10:52:35,23.5 MiB,51.9 MiB,105 MiB,113 MiB,107 MiB,113 MiB,113 MiB,112 MiB,105 MiB,118 MiB,112 MiB,112 MiB,106 MiB,116 MiB,110 MiB,110 MiB,110 MiB,108 MiB
2026-04-20 10:52:40,24.0 MiB,53.9 MiB,107 MiB,113 MiB,109 MiB,113 MiB,113 MiB,112 MiB,105 MiB,118 MiB,112 MiB,112 MiB,106 MiB,116 MiB,112 MiB,112 MiB,110 MiB,108 MiB
2026-04-20 10:52:45,23.6 MiB,53.9 MiB,108 MiB,113 MiB,109 MiB,113 MiB,113 MiB,112 MiB,105 MiB,120 MiB,114 MiB,112 MiB,108 MiB,116 MiB,112 MiB,112 MiB,110 MiB,108 MiB
2026-04-20 10:52:50,23.6 MiB,55.9 MiB,112 MiB,113 MiB,109 MiB,113 MiB,113 MiB,112 MiB,105 MiB,120 MiB,114 MiB,112 MiB,108 MiB,116 MiB,112 MiB,112 MiB,110 MiB,108 MiB
2026-04-20 10:52:55,23.5 MiB,55.9 MiB,116 MiB,115 MiB,109 MiB,113 MiB,113 MiB,114 MiB,105 MiB,120 MiB,114 MiB,112 MiB,108 MiB,118 MiB,115 MiB,115 MiB,112 MiB,108 MiB
2026-04-20 10:53:00,24.2 MiB,55.9 MiB,116 MiB,115 MiB,109 MiB,113 MiB,113 MiB,114 MiB,105 MiB,120 MiB,114 MiB,112 MiB,108 MiB,118 MiB,115 MiB,115 MiB,112 MiB,108 MiB
2026-04-20 10:53:05,24.4 MiB,55.9 MiB,116 MiB,115 MiB,109 MiB,113 MiB,113 MiB,114 MiB,109 MiB,123 MiB,114 MiB,112 MiB,110 MiB,118 MiB,115 MiB,115 MiB,121 MiB,108 MiB
2026-04-20 10:53:10,23.4 MiB,55.9 MiB,116 MiB,115 MiB,116 MiB,115 MiB,115 MiB,114 MiB,109 MiB,127 MiB,114 MiB,114 MiB,114 MiB,120 MiB,115 MiB,115 MiB,121 MiB,110 MiB
2026-04-20 10:53:15,23.2 MiB,55.9 MiB,116 MiB,115 MiB,122 MiB,121 MiB,121 MiB,118 MiB,109 MiB,135 MiB,118 MiB,120 MiB,114 MiB,124 MiB,121 MiB,115 MiB,121 MiB,114 MiB
2026-04-20 10:53:20,23.6 MiB,55.9 MiB,116 MiB,119 MiB,124 MiB,121 MiB,125 MiB,123 MiB,109 MiB,135 MiB,122 MiB,124 MiB,114 MiB,129 MiB,123 MiB,123 MiB,121 MiB,114 MiB
2026-04-20 10:53:25,23.5 MiB,55.9 MiB,118 MiB,123 MiB,124 MiB,121 MiB,125 MiB,127 MiB,109 MiB,135 MiB,122 MiB,124 MiB,114 MiB,129 MiB,123 MiB,123 MiB,121 MiB,114 MiB
2026-04-20 10:53:30,23.7 MiB,55.9 MiB,118 MiB,123 MiB,124 MiB,121 MiB,125 MiB,127 MiB,109 MiB,135 MiB,122 MiB,124 MiB,114 MiB,129 MiB,123 MiB,123 MiB,121 MiB,114 MiB
2026-04-20 10:53:35,24.4 MiB,76.2 MiB,118 MiB,127 MiB,124 MiB,121 MiB,125 MiB,127 MiB,119 MiB,139 MiB,122 MiB,129 MiB,120 MiB,129 MiB,127 MiB,129 MiB,125 MiB,114 MiB
2026-04-20 10:53:40,24.1 MiB,90.5 MiB,127 MiB,131 MiB,128 MiB,127 MiB,138 MiB,129 MiB,123 MiB,145 MiB,129 MiB,133 MiB,120 MiB,137 MiB,131 MiB,129 MiB,135 MiB,125 MiB
2026-04-20 10:53:45,23.5 MiB,90.5 MiB,139 MiB,136 MiB,132 MiB,133 MiB,138 MiB,135 MiB,134 MiB,147 MiB,133 MiB,135 MiB,125 MiB,137 MiB,137 MiB,129 MiB,149 MiB,127 MiB
2026-04-20 10:53:50,23.5 MiB,103 MiB,149 MiB,136 MiB,132 MiB,138 MiB,146 MiB,139 MiB,134 MiB,154 MiB,137 MiB,145 MiB,135 MiB,143 MiB,137 MiB,143 MiB,149 MiB,141 MiB
2026-04-20 10:53:55,23.1 MiB,99.9 MiB,149 MiB,146 MiB,142 MiB,142 MiB,158 MiB,146 MiB,138 MiB,158 MiB,156 MiB,151 MiB,147 MiB,153 MiB,140 MiB,152 MiB,162 MiB,143 MiB
2026-04-20 10:54:00,22.9 MiB,96.2 MiB,157 MiB,146 MiB,149 MiB,148 MiB,156 MiB,150 MiB,144 MiB,162 MiB,158 MiB,156 MiB,152 MiB,156 MiB,148 MiB,152 MiB,159 MiB,152 MiB
2026-04-20 10:54:05,23.3 MiB,102 MiB,157 MiB,146 MiB,153 MiB,158 MiB,159 MiB,150 MiB,152 MiB,166 MiB,158 MiB,156 MiB,150 MiB,162 MiB,148 MiB,156 MiB,158 MiB,152 MiB
2026-04-20 10:54:10,23.5 MiB,103 MiB,157 MiB,156 MiB,153 MiB,158 MiB,160 MiB,150 MiB,152 MiB,166 MiB,166 MiB,156 MiB,151 MiB,162 MiB,150 MiB,160 MiB,158 MiB,152 MiB
2026-04-20 10:54:15,23.6 MiB,109 MiB,161 MiB,156 MiB,153 MiB,162 MiB,151 MiB,152 MiB,152 MiB,166 MiB,166 MiB,156 MiB,151 MiB,162 MiB,150 MiB,162 MiB,161 MiB,154 MiB
2026-04-20 10:54:20,23.3 MiB,105 MiB,162 MiB,156 MiB,155 MiB,152 MiB,147 MiB,156 MiB,152 MiB,164 MiB,160 MiB,156 MiB,155 MiB,157 MiB,152 MiB,155 MiB,161 MiB,162 MiB
2026-04-20 10:54:25,23.3 MiB,107 MiB,160 MiB,156 MiB,155 MiB,152 MiB,147 MiB,156 MiB,152 MiB,164 MiB,160 MiB,158 MiB,155 MiB,163 MiB,152 MiB,155 MiB,161 MiB,162 MiB
2026-04-20 10:54:30,23.1 MiB,108 MiB,157 MiB,156 MiB,154 MiB,153 MiB,149 MiB,158 MiB,152 MiB,164 MiB,166 MiB,158 MiB,155 MiB,157 MiB,159 MiB,150 MiB,161 MiB,158 MiB
2026-04-20 10:54:35,23.3 MiB,109 MiB,157 MiB,156 MiB,156 MiB,156 MiB,152 MiB,158 MiB,153 MiB,164 MiB,166 MiB,158 MiB,157 MiB,157 MiB,159 MiB,150 MiB,162 MiB,158 MiB
2026-04-20 10:54:40,23.6 MiB,109 MiB,157 MiB,156 MiB,156 MiB,156 MiB,153 MiB,160 MiB,153 MiB,164 MiB,165 MiB,158 MiB,157 MiB,157 MiB,159 MiB,150 MiB,162 MiB,158 MiB
2026-04-20 10:54:45,23.6 MiB,109 MiB,158 MiB,156 MiB,156 MiB,156 MiB,153 MiB,160 MiB,153 MiB,164 MiB,165 MiB,158 MiB,157 MiB,157 MiB,159 MiB,146 MiB,162 MiB,156 MiB
2026-04-20 10:54:50,22.8 MiB,109 MiB,158 MiB,156 MiB,153 MiB,156 MiB,153 MiB,160 MiB,153 MiB,164 MiB,165 MiB,158 MiB,157 MiB,157 MiB,158 MiB,146 MiB,162 MiB,156 MiB
2026-04-20 10:54:55,23.1 MiB,109 MiB,158 MiB,156 MiB,153 MiB,156 MiB,153 MiB,160 MiB,153 MiB,164 MiB,165 MiB,158 MiB,157 MiB,157 MiB,158 MiB,146 MiB,162 MiB,156 MiB
2026-04-20 10:55:00,23.5 MiB,109 MiB,158 MiB,156 MiB,153 MiB,156 MiB,153 MiB,160 MiB,153 MiB,164 MiB,165 MiB,158 MiB,158 MiB,157 MiB,158 MiB,146 MiB,162 MiB,156 MiB
2026-04-20 10:55:05,23.7 MiB,109 MiB,158 MiB,156 MiB,153 MiB,156 MiB,153 MiB,160 MiB,153 MiB,164 MiB,165 MiB,158 MiB,158 MiB,157 MiB,158 MiB,146 MiB,162 MiB,156 MiB
2026-04-20 10:55:10,23.5 MiB,109 MiB,159 MiB,156 MiB,153 MiB,156 MiB,153 MiB,160 MiB,153 MiB,164 MiB,165 MiB,158 MiB,158 MiB,157 MiB,158 MiB,146 MiB,162 MiB,156 MiB
2026-04-20 10:55:15,23.7 MiB,109 MiB,159 MiB,156 MiB,154 MiB,156 MiB,153 MiB,160 MiB,153 MiB,164 MiB,165 MiB,158 MiB,160 MiB,157 MiB,158 MiB,146 MiB,162 MiB,156 MiB
2026-04-20 10:55:20,23.6 MiB,109 MiB,157 MiB,156 MiB,154 MiB,156 MiB,153 MiB,160 MiB,153 MiB,164 MiB,165 MiB,158 MiB,160 MiB,157 MiB,158 MiB,146 MiB,162 MiB,156 MiB
2026-04-20 10:55:25,23.6 MiB,109 MiB,157 MiB,156 MiB,154 MiB,156 MiB,153 MiB,160 MiB,153 MiB,164 MiB,165 MiB,158 MiB,160 MiB,157 MiB,158 MiB,146 MiB,162 MiB,156 MiB
2026-04-20 10:55:30,23.5 MiB,110 MiB,157 MiB,156 MiB,154 MiB,156 MiB,153 MiB,160 MiB,153 MiB,166 MiB,165 MiB,158 MiB,160 MiB,157 MiB,158 MiB,147 MiB,164 MiB,156 MiB
2026-04-20 10:55:35,23.7 MiB,106 MiB,158 MiB,160 MiB,155 MiB,163 MiB,156 MiB,160 MiB,159 MiB,168 MiB,168 MiB,155 MiB,157 MiB,160 MiB,162 MiB,155 MiB,165 MiB,159 MiB
2026-04-20 10:55:40,23.3 MiB,110 MiB,161 MiB,160 MiB,158 MiB,158 MiB,159 MiB,166 MiB,153 MiB,174 MiB,161 MiB,157 MiB,158 MiB,169 MiB,164 MiB,157 MiB,162 MiB,163 MiB
2026-04-20 10:55:45,23.5 MiB,116 MiB,164 MiB,159 MiB,158 MiB,157 MiB,163 MiB,163 MiB,157 MiB,171 MiB,162 MiB,157 MiB,159 MiB,164 MiB,164 MiB,154 MiB,162 MiB,164 MiB
2026-04-20 10:55:50,23.2 MiB,121 MiB,160 MiB,158 MiB,161 MiB,160 MiB,155 MiB,165 MiB,152 MiB,164 MiB,166 MiB,159 MiB,162 MiB,161 MiB,166 MiB,161 MiB,164 MiB,163 MiB
2026-04-20 10:55:55,24.2 MiB,125 MiB,162 MiB,161 MiB,165 MiB,161 MiB,160 MiB,168 MiB,154 MiB,166 MiB,167 MiB,160 MiB,161 MiB,167 MiB,162 MiB,157 MiB,167 MiB,163 MiB
2026-04-20 10:56:00,24.2 MiB,138 MiB,161 MiB,160 MiB,164 MiB,164 MiB,169 MiB,169 MiB,159 MiB,172 MiB,168 MiB,166 MiB,163 MiB,170 MiB,167 MiB,158 MiB,170 MiB,167 MiB
2026-04-20 10:56:05,24.0 MiB,99.7 MiB,169 MiB,160 MiB,165 MiB,170 MiB,161 MiB,170 MiB,157 MiB,174 MiB,170 MiB,163 MiB,167 MiB,161 MiB,165 MiB,163 MiB,165 MiB,163 MiB
2026-04-20 10:56:10,23.4 MiB,101 MiB,167 MiB,159 MiB,164 MiB,168 MiB,162 MiB,175 MiB,156 MiB,168 MiB,167 MiB,165 MiB,168 MiB,163 MiB,159 MiB,163 MiB,165 MiB,165 MiB
2026-04-20 10:56:15,23.2 MiB,115 MiB,173 MiB,162 MiB,167 MiB,167 MiB,164 MiB,172 MiB,157 MiB,170 MiB,171 MiB,168 MiB,162 MiB,171 MiB,165 MiB,163 MiB,175 MiB,165 MiB
2026-04-20 10:56:20,23.6 MiB,114 MiB,167 MiB,162 MiB,171 MiB,172 MiB,169 MiB,171 MiB,159 MiB,175 MiB,171 MiB,165 MiB,167 MiB,175 MiB,172 MiB,164 MiB,173 MiB,166 MiB
2026-04-20 10:56:25,23.4 MiB,120 MiB,170 MiB,163 MiB,173 MiB,174 MiB,167 MiB,176 MiB,165 MiB,176 MiB,170 MiB,166 MiB,167 MiB,173 MiB,172 MiB,169 MiB,172 MiB,164 MiB
2026-04-20 10:56:30,23.5 MiB,126 MiB,179 MiB,158 MiB,172 MiB,175 MiB,169 MiB,176 MiB,159 MiB,172 MiB,167 MiB,164 MiB,170 MiB,177 MiB,167 MiB,166 MiB,173 MiB,171 MiB
2026-04-20 10:56:35,23.9 MiB,131 MiB,177 MiB,166 MiB,168 MiB,169 MiB,171 MiB,173 MiB,167 MiB,174 MiB,169 MiB,169 MiB,168 MiB,176 MiB,170 MiB,168 MiB,171 MiB,164 MiB
2026-04-20 10:56:40,23.9 MiB,134 MiB,169 MiB,167 MiB,168 MiB,174 MiB,169 MiB,178 MiB,163 MiB,182 MiB,168 MiB,169 MiB,171 MiB,176 MiB,170 MiB,168 MiB,177 MiB,166 MiB
2026-04-20 10:56:45,23.6 MiB,134 MiB,169 MiB,167 MiB,169 MiB,168 MiB,169 MiB,178 MiB,166 MiB,181 MiB,168 MiB,169 MiB,171 MiB,176 MiB,170 MiB,168 MiB,177 MiB,166 MiB
2026-04-20 10:56:50,23.1 MiB,135 MiB,169 MiB,166 MiB,169 MiB,168 MiB,169 MiB,178 MiB,166 MiB,181 MiB,168 MiB,169 MiB,171 MiB,176 MiB,170 MiB,168 MiB,177 MiB,166 MiB
2026-04-20 10:56:55,23.3 MiB,135 MiB,169 MiB,166 MiB,169 MiB,168 MiB,169 MiB,178 MiB,166 MiB,181 MiB,168 MiB,169 MiB,171 MiB,176 MiB,170 MiB,168 MiB,177 MiB,166 MiB
2026-04-20 10:57:00,23.4 MiB,135 MiB,169 MiB,166 MiB,170 MiB,168 MiB,169 MiB,178 MiB,167 MiB,181 MiB,168 MiB,169 MiB,171 MiB,176 MiB,170 MiB,168 MiB,177 MiB,166 MiB
2026-04-20 10:57:05,24.0 MiB,135 MiB,169 MiB,166 MiB,170 MiB,168 MiB,169 MiB,178 MiB,167 MiB,181 MiB,168 MiB,169 MiB,171 MiB,176 MiB,170 MiB,168 MiB,177 MiB,166 MiB
2026-04-20 10:57:10,24.1 MiB,135 MiB,169 MiB,166 MiB,170 MiB,168 MiB,169 MiB,179 MiB,168 MiB,181 MiB,168 MiB,169 MiB,171 MiB,176 MiB,170 MiB,168 MiB,177 MiB,166 MiB
2026-04-20 10:57:15,23.0 MiB,135 MiB,170 MiB,166 MiB,170 MiB,168 MiB,169 MiB,179 MiB,168 MiB,181 MiB,168 MiB,169 MiB,171 MiB,176 MiB,170 MiB,168 MiB,177 MiB,166 MiB
2026-04-20 10:57:20,23.4 MiB,135 MiB,170 MiB,166 MiB,170 MiB,168 MiB,169 MiB,179 MiB,168 MiB,181 MiB,168 MiB,170 MiB,171 MiB,176 MiB,170 MiB,168 MiB,177 MiB,166 MiB
2026-04-20 10:57:25,23.4 MiB,135 MiB,170 MiB,166 MiB,170 MiB,168 MiB,169 MiB,179 MiB,168 MiB,181 MiB,168 MiB,170 MiB,171 MiB,176 MiB,170 MiB,168 MiB,177 MiB,166 MiB
2026-04-20 10:57:30,23.4 MiB,135 MiB,170 MiB,166 MiB,170 MiB,168 MiB,169 MiB,179 MiB,168 MiB,181 MiB,168 MiB,170 MiB,171 MiB,176 MiB,170 MiB,168 MiB,177 MiB,166 MiB
2026-04-20 10:57:35,23.4 MiB,135 MiB,170 MiB,166 MiB,170 MiB,168 MiB,169 MiB,179 MiB,168 MiB,181 MiB,168 MiB,170 MiB,171 MiB,176 MiB,171 MiB,168 MiB,177 MiB,166 MiB
2026-04-20 10:57:40,23.5 MiB,135 MiB,170 MiB,166 MiB,170 MiB,168 MiB,169 MiB,179 MiB,168 MiB,181 MiB,168 MiB,170 MiB,171 MiB,176 MiB,171 MiB,168 MiB,177 MiB,166 MiB
2026-04-20 10:57:45,23.6 MiB,135 MiB,170 MiB,166 MiB,170 MiB,168 MiB,169 MiB,179 MiB,168 MiB,169 MiB,159 MiB,170 MiB,171 MiB,176 MiB,171 MiB,168 MiB,177 MiB,166 MiB
2026-04-20 10:57:50,23.6 MiB,135 MiB,170 MiB,166 MiB,170 MiB,168 MiB,169 MiB,179 MiB,168 MiB,169 MiB,159 MiB,170 MiB,171 MiB,176 MiB,171 MiB,168 MiB,177 MiB,166 MiB
2026-04-20 10:57:55,24.0 MiB,135 MiB,170 MiB,159 MiB,170 MiB,168 MiB,169 MiB,179 MiB,168 MiB,169 MiB,159 MiB,170 MiB,171 MiB,176 MiB,171 MiB,168 MiB,177 MiB,166 MiB
2026-04-20 10:58:00,23.2 MiB,135 MiB,170 MiB,159 MiB,170 MiB,170 MiB,169 MiB,179 MiB,168 MiB,169 MiB,159 MiB,170 MiB,171 MiB,176 MiB,171 MiB,168 MiB,177 MiB,166 MiB
2026-04-20 10:58:05,23.3 MiB,109 MiB,170 MiB,165 MiB,170 MiB,171 MiB,169 MiB,179 MiB,169 MiB,176 MiB,162 MiB,172 MiB,173 MiB,176 MiB,176 MiB,173 MiB,180 MiB,166 MiB
2026-04-20 10:58:10,23.1 MiB,108 MiB,180 MiB,171 MiB,172 MiB,175 MiB,171 MiB,180 MiB,171 MiB,182 MiB,183 MiB,175 MiB,175 MiB,183 MiB,181 MiB,177 MiB,181 MiB,170 MiB
2026-04-20 10:58:15,23.4 MiB,118 MiB,182 MiB,183 MiB,176 MiB,178 MiB,175 MiB,178 MiB,169 MiB,187 MiB,181 MiB,181 MiB,173 MiB,183 MiB,183 MiB,182 MiB,181 MiB,174 MiB
2026-04-20 10:58:20,23.5 MiB,133 MiB,195 MiB,183 MiB,182 MiB,188 MiB,178 MiB,186 MiB,186 MiB,199 MiB,187 MiB,189 MiB,190 MiB,191 MiB,184 MiB,189 MiB,188 MiB,178 MiB
2026-04-20 10:58:25,23.5 MiB,173 MiB,216 MiB,208 MiB,196 MiB,198 MiB,194 MiB,203 MiB,198 MiB,231 MiB,194 MiB,207 MiB,208 MiB,206 MiB,204 MiB,212 MiB,212 MiB,186 MiB
2026-04-20 10:58:30,23.5 MiB,156 MiB,232 MiB,218 MiB,216 MiB,220 MiB,224 MiB,220 MiB,213 MiB,225 MiB,224 MiB,219 MiB,218 MiB,220 MiB,218 MiB,216 MiB,235 MiB,217 MiB
2026-04-20 10:58:35,23.5 MiB,143 MiB,249 MiB,207 MiB,237 MiB,220 MiB,224 MiB,225 MiB,212 MiB,216 MiB,227 MiB,206 MiB,210 MiB,225 MiB,211 MiB,216 MiB,235 MiB,219 MiB
2026-04-20 10:58:40,23.4 MiB,133 MiB,219 MiB,199 MiB,212 MiB,217 MiB,216 MiB,224 MiB,190 MiB,217 MiB,208 MiB,198 MiB,195 MiB,202 MiB,205 MiB,209 MiB,210 MiB,217 MiB
2026-04-20 10:58:45,23.7 MiB,106 MiB,204 MiB,204 MiB,199 MiB,210 MiB,205 MiB,209 MiB,202 MiB,207 MiB,199 MiB,197 MiB,196 MiB,206 MiB,200 MiB,200 MiB,219 MiB,197 MiB
2026-04-20 10:58:50,23.1 MiB,109 MiB,207 MiB,207 MiB,204 MiB,211 MiB,210 MiB,209 MiB,202 MiB,210 MiB,206 MiB,198 MiB,199 MiB,207 MiB,205 MiB,203 MiB,220 MiB,209 MiB
2026-04-20 10:58:55,23.4 MiB,110 MiB,207 MiB,207 MiB,204 MiB,211 MiB,208 MiB,209 MiB,202 MiB,210 MiB,206 MiB,198 MiB,199 MiB,207 MiB,205 MiB,203 MiB,220 MiB,207 MiB
2026-04-20 10:59:00,23.8 MiB,110 MiB,207 MiB,207 MiB,204 MiB,211 MiB,208 MiB,210 MiB,202 MiB,210 MiB,206 MiB,198 MiB,199 MiB,207 MiB,205 MiB,204 MiB,220 MiB,207 MiB
2026-04-20 10:59:05,23.5 MiB,110 MiB,207 MiB,207 MiB,204 MiB,209 MiB,208 MiB,210 MiB,202 MiB,210 MiB,206 MiB,198 MiB,199 MiB,207 MiB,205 MiB,205 MiB,220 MiB,207 MiB
2026-04-20 10:59:10,24.2 MiB,110 MiB,207 MiB,207 MiB,205 MiB,209 MiB,208 MiB,210 MiB,202 MiB,210 MiB,206 MiB,198 MiB,199 MiB,207 MiB,205 MiB,205 MiB,220 MiB,207 MiB
2026-04-20 10:59:15,23.3 MiB,111 MiB,207 MiB,207 MiB,199 MiB,209 MiB,208 MiB,210 MiB,187 MiB,210 MiB,206 MiB,198 MiB,199 MiB,207 MiB,205 MiB,205 MiB,220 MiB,207 MiB
2026-04-20 10:59:20,23.7 MiB,111 MiB,207 MiB,207 MiB,199 MiB,209 MiB,208 MiB,210 MiB,187 MiB,203 MiB,206 MiB,198 MiB,199 MiB,203 MiB,205 MiB,205 MiB,220 MiB,207 MiB
2026-04-20 10:59:25,23.7 MiB,111 MiB,207 MiB,207 MiB,199 MiB,209 MiB,208 MiB,210 MiB,187 MiB,203 MiB,206 MiB,198 MiB,199 MiB,203 MiB,205 MiB,205 MiB,220 MiB,208 MiB
2026-04-20 10:59:30,23.7 MiB,111 MiB,207 MiB,207 MiB,199 MiB,209 MiB,208 MiB,210 MiB,187 MiB,203 MiB,206 MiB,199 MiB,199 MiB,203 MiB,205 MiB,205 MiB,211 MiB,208 MiB
2026-04-20 10:59:35,23.5 MiB,111 MiB,208 MiB,207 MiB,199 MiB,209 MiB,208 MiB,210 MiB,187 MiB,203 MiB,206 MiB,199 MiB,199 MiB,203 MiB,205 MiB,205 MiB,211 MiB,208 MiB
2026-04-20 10:59:40,24.5 MiB,111 MiB,201 MiB,207 MiB,199 MiB,209 MiB,208 MiB,210 MiB,187 MiB,203 MiB,206 MiB,199 MiB,199 MiB,203 MiB,205 MiB,205 MiB,211 MiB,209 MiB
2026-04-20 10:59:45,24.5 MiB,112 MiB,201 MiB,205 MiB,199 MiB,209 MiB,208 MiB,210 MiB,193 MiB,204 MiB,206 MiB,204 MiB,202 MiB,203 MiB,206 MiB,205 MiB,215 MiB,209 MiB
2026-04-20 10:59:50,24.0 MiB,122 MiB,213 MiB,206 MiB,204 MiB,204 MiB,205 MiB,203 MiB,197 MiB,210 MiB,198 MiB,199 MiB,196 MiB,204 MiB,206 MiB,201 MiB,221 MiB,198 MiB
2026-04-20 10:59:55,23.8 MiB,132 MiB,208 MiB,199 MiB,199 MiB,207 MiB,202 MiB,200 MiB,198 MiB,208 MiB,195 MiB,188 MiB,195 MiB,215 MiB,195 MiB,194 MiB,218 MiB,201 MiB
2026-04-20 11:00:00,23.8 MiB,105 MiB,204 MiB,203 MiB,196 MiB,202 MiB,201 MiB,200 MiB,198 MiB,204 MiB,203 MiB,196 MiB,196 MiB,211 MiB,206 MiB,194 MiB,218 MiB,199 MiB
2026-04-20 11:00:05,23.8 MiB,113 MiB,203 MiB,203 MiB,201 MiB,209 MiB,204 MiB,204 MiB,196 MiB,209 MiB,207 MiB,198 MiB,201 MiB,211 MiB,201 MiB,198 MiB,217 MiB,199 MiB
2026-04-20 11:00:10,23.7 MiB,127 MiB,205 MiB,207 MiB,200 MiB,206 MiB,201 MiB,211 MiB,198 MiB,215 MiB,203 MiB,205 MiB,204 MiB,211 MiB,204 MiB,199 MiB,221 MiB,199 MiB
2026-04-20 11:00:15,24.4 MiB,103 MiB,218 MiB,209 MiB,207 MiB,214 MiB,206 MiB,212 MiB,203 MiB,217 MiB,207 MiB,210 MiB,211 MiB,215 MiB,208 MiB,204 MiB,224 MiB,205 MiB
2026-04-20 11:00:20,24.3 MiB,131 MiB,222 MiB,215 MiB,206 MiB,216 MiB,215 MiB,216 MiB,214 MiB,221 MiB,213 MiB,219 MiB,218 MiB,216 MiB,209 MiB,212 MiB,227 MiB,206 MiB
2026-04-20 11:00:25,23.8 MiB,140 MiB,230 MiB,227 MiB,218 MiB,221 MiB,227 MiB,224 MiB,219 MiB,230 MiB,220 MiB,225 MiB,224 MiB,227 MiB,222 MiB,222 MiB,231 MiB,210 MiB
2026-04-20 11:00:30,23.9 MiB,131 MiB,241 MiB,229 MiB,221 MiB,232 MiB,233 MiB,232 MiB,229 MiB,234 MiB,230 MiB,233 MiB,230 MiB,232 MiB,230 MiB,225 MiB,231 MiB,220 MiB
2026-04-20 11:00:35,23.8 MiB,139 MiB,247 MiB,239 MiB,228 MiB,231 MiB,238 MiB,244 MiB,234 MiB,238 MiB,231 MiB,229 MiB,232 MiB,236 MiB,228 MiB,229 MiB,237 MiB,228 MiB
2026-04-20 11:00:40,24.0 MiB,121 MiB,226 MiB,222 MiB,234 MiB,232 MiB,239 MiB,236 MiB,208 MiB,218 MiB,215 MiB,220 MiB,209 MiB,221 MiB,219 MiB,215 MiB,212 MiB,231 MiB
2026-04-20 11:00:45,23.7 MiB,137 MiB,228 MiB,214 MiB,211 MiB,217 MiB,213 MiB,227 MiB,208 MiB,214 MiB,212 MiB,212 MiB,213 MiB,217 MiB,211 MiB,209 MiB,218 MiB,209 MiB
2026-04-20 11:00:50,23.5 MiB,123 MiB,230 MiB,218 MiB,212 MiB,220 MiB,218 MiB,215 MiB,207 MiB,226 MiB,219 MiB,219 MiB,221 MiB,221 MiB,218 MiB,224 MiB,218 MiB,210 MiB
2026-04-20 11:00:55,22.9 MiB,141 MiB,237 MiB,224 MiB,220 MiB,223 MiB,218 MiB,225 MiB,221 MiB,226 MiB,217 MiB,227 MiB,221 MiB,227 MiB,222 MiB,226 MiB,222 MiB,216 MiB
2026-04-20 11:01:00,23.9 MiB,120 MiB,238 MiB,226 MiB,229 MiB,222 MiB,232 MiB,228 MiB,229 MiB,236 MiB,225 MiB,230 MiB,223 MiB,225 MiB,220 MiB,229 MiB,226 MiB,218 MiB
2026-04-20 11:01:05,23.6 MiB,141 MiB,245 MiB,236 MiB,230 MiB,233 MiB,232 MiB,236 MiB,233 MiB,249 MiB,235 MiB,234 MiB,234 MiB,238 MiB,231 MiB,239 MiB,236 MiB,225 MiB
2026-04-20 11:01:10,23.2 MiB,127 MiB,229 MiB,214 MiB,242 MiB,223 MiB,247 MiB,246 MiB,206 MiB,225 MiB,211 MiB,214 MiB,224 MiB,229 MiB,226 MiB,219 MiB,218 MiB,235 MiB
2026-04-20 11:01:15,23.0 MiB,146 MiB,229 MiB,217 MiB,220 MiB,220 MiB,221 MiB,214 MiB,213 MiB,220 MiB,209 MiB,214 MiB,212 MiB,217 MiB,215 MiB,220 MiB,221 MiB,209 MiB
2026-04-20 11:01:20,22.9 MiB,121 MiB,237 MiB,220 MiB,211 MiB,218 MiB,223 MiB,216 MiB,215 MiB,224 MiB,215 MiB,215 MiB,214 MiB,221 MiB,222 MiB,221 MiB,223 MiB,214 MiB
2026-04-20 11:01:25,23.4 MiB,143 MiB,231 MiB,222 MiB,213 MiB,211 MiB,224 MiB,220 MiB,215 MiB,226 MiB,222 MiB,225 MiB,220 MiB,225 MiB,225 MiB,223 MiB,225 MiB,216 MiB
2026-04-20 11:01:30,23.5 MiB,127 MiB,242 MiB,223 MiB,228 MiB,224 MiB,234 MiB,227 MiB,217 MiB,231 MiB,229 MiB,228 MiB,227 MiB,230 MiB,226 MiB,230 MiB,226 MiB,221 MiB
2026-04-20 11:01:35,23.2 MiB,146 MiB,249 MiB,234 MiB,227 MiB,231 MiB,232 MiB,231 MiB,224 MiB,234 MiB,231 MiB,231 MiB,228 MiB,232 MiB,232 MiB,232 MiB,230 MiB,226 MiB
2026-04-20 11:01:40,23.2 MiB,129 MiB,249 MiB,233 MiB,237 MiB,236 MiB,239 MiB,236 MiB,219 MiB,231 MiB,230 MiB,219 MiB,219 MiB,229 MiB,223 MiB,228 MiB,224 MiB,224 MiB
2026-04-20 11:01:45,23.3 MiB,142 MiB,249 MiB,238 MiB,224 MiB,229 MiB,224 MiB,219 MiB,223 MiB,234 MiB,232 MiB,223 MiB,232 MiB,232 MiB,229 MiB,227 MiB,231 MiB,226 MiB
2026-04-20 11:01:50,23.4 MiB,156 MiB,253 MiB,241 MiB,227 MiB,230 MiB,234 MiB,226 MiB,228 MiB,239 MiB,238 MiB,235 MiB,230 MiB,234 MiB,233 MiB,227 MiB,234 MiB,227 MiB
2026-04-20 11:01:55,23.6 MiB,208 MiB,263 MiB,261 MiB,248 MiB,254 MiB,247 MiB,243 MiB,241 MiB,253 MiB,255 MiB,243 MiB,241 MiB,245 MiB,248 MiB,251 MiB,241 MiB,240 MiB
2026-04-20 11:02:00,23.5 MiB,218 MiB,271 MiB,268 MiB,253 MiB,256 MiB,256 MiB,249 MiB,244 MiB,259 MiB,269 MiB,241 MiB,246 MiB,253 MiB,255 MiB,259 MiB,244 MiB,244 MiB
2026-04-20 11:02:05,24.5 MiB,216 MiB,272 MiB,275 MiB,250 MiB,256 MiB,254 MiB,255 MiB,255 MiB,270 MiB,265 MiB,250 MiB,254 MiB,264 MiB,260 MiB,263 MiB,252 MiB,256 MiB
2026-04-20 11:02:10,24.5 MiB,138 MiB,257 MiB,235 MiB,260 MiB,267 MiB,264 MiB,259 MiB,231 MiB,232 MiB,230 MiB,221 MiB,219 MiB,249 MiB,226 MiB,222 MiB,231 MiB,261 MiB
2026-04-20 11:02:15,23.2 MiB,219 MiB,271 MiB,234 MiB,232 MiB,235 MiB,233 MiB,240 MiB,226 MiB,256 MiB,236 MiB,242 MiB,238 MiB,237 MiB,242 MiB,242 MiB,233 MiB,220 MiB
2026-04-20 11:02:20,23.3 MiB,220 MiB,283 MiB,261 MiB,257 MiB,254 MiB,261 MiB,261 MiB,249 MiB,262 MiB,251 MiB,256 MiB,256 MiB,265 MiB,268 MiB,257 MiB,258 MiB,258 MiB
2026-04-20 11:02:25,23.2 MiB,161 MiB,267 MiB,252 MiB,265 MiB,260 MiB,273 MiB,269 MiB,246 MiB,270 MiB,261 MiB,241 MiB,262 MiB,273 MiB,262 MiB,250 MiB,261 MiB,263 MiB
2026-04-20 11:02:30,23.3 MiB,166 MiB,280 MiB,247 MiB,248 MiB,247 MiB,251 MiB,237 MiB,254 MiB,260 MiB,243 MiB,253 MiB,243 MiB,256 MiB,257 MiB,246 MiB,261 MiB,255 MiB
2026-04-20 11:02:35,23.4 MiB,257 MiB,299 MiB,267 MiB,261 MiB,268 MiB,266 MiB,263 MiB,255 MiB,278 MiB,266 MiB,266 MiB,268 MiB,270 MiB,281 MiB,270 MiB,267 MiB,248 MiB
2026-04-20 11:02:40,23.3 MiB,228 MiB,280 MiB,252 MiB,265 MiB,257 MiB,267 MiB,269 MiB,252 MiB,259 MiB,254 MiB,247 MiB,244 MiB,265 MiB,258 MiB,252 MiB,264 MiB,273 MiB
2026-04-20 11:02:45,23.5 MiB,242 MiB,257 MiB,246 MiB,257 MiB,253 MiB,260 MiB,253 MiB,244 MiB,263 MiB,246 MiB,253 MiB,252 MiB,251 MiB,253 MiB,254 MiB,255 MiB,246 MiB
2026-04-20 11:02:50,24.1 MiB,227 MiB,253 MiB,248 MiB,253 MiB,252 MiB,250 MiB,249 MiB,242 MiB,262 MiB,253 MiB,259 MiB,258 MiB,258 MiB,255 MiB,257 MiB,255 MiB,241 MiB
2026-04-20 11:02:55,23.7 MiB,236 MiB,262 MiB,262 MiB,256 MiB,267 MiB,266 MiB,256 MiB,252 MiB,270 MiB,259 MiB,268 MiB,257 MiB,252 MiB,261 MiB,250 MiB,261 MiB,250 MiB
2026-04-20 11:03:00,24.5 MiB,185 MiB,284 MiB,272 MiB,271 MiB,277 MiB,273 MiB,261 MiB,248 MiB,276 MiB,274 MiB,270 MiB,253 MiB,277 MiB,266 MiB,265 MiB,273 MiB,258 MiB
2026-04-20 11:03:05,24.4 MiB,104 MiB,272 MiB,258 MiB,263 MiB,264 MiB,268 MiB,268 MiB,244 MiB,259 MiB,259 MiB,260 MiB,236 MiB,257 MiB,259 MiB,261 MiB,258 MiB,258 MiB
2026-04-20 11:03:10,23.9 MiB,220 MiB,269 MiB,235 MiB,264 MiB,265 MiB,258 MiB,255 MiB,238 MiB,258 MiB,242 MiB,252 MiB,227 MiB,250 MiB,235 MiB,241 MiB,248 MiB,245 MiB
2026-04-20 11:03:15,23.6 MiB,229 MiB,255 MiB,248 MiB,254 MiB,244 MiB,250 MiB,242 MiB,237 MiB,265 MiB,245 MiB,255 MiB,243 MiB,253 MiB,254 MiB,238 MiB,257 MiB,239 MiB
2026-04-20 11:03:20,24.3 MiB,251 MiB,359 MiB,261 MiB,266 MiB,254 MiB,265 MiB,257 MiB,247 MiB,266 MiB,257 MiB,255 MiB,249 MiB,260 MiB,260 MiB,251 MiB,265 MiB,251 MiB
2026-04-20 11:03:25,23.9 MiB,235 MiB,282 MiB,258 MiB,265 MiB,259 MiB,267 MiB,255 MiB,241 MiB,263 MiB,257 MiB,258 MiB,257 MiB,273 MiB,257 MiB,255 MiB,261 MiB,259 MiB
2026-04-20 11:03:30,23.6 MiB,248 MiB,290 MiB,261 MiB,261 MiB,261 MiB,257 MiB,260 MiB,243 MiB,271 MiB,264 MiB,254 MiB,243 MiB,269 MiB,263 MiB,256 MiB,261 MiB,258 MiB
2026-04-20 11:03:35,24.1 MiB,232 MiB,271 MiB,263 MiB,262 MiB,266 MiB,267 MiB,266 MiB,255 MiB,265 MiB,258 MiB,265 MiB,254 MiB,267 MiB,259 MiB,248 MiB,265 MiB,254 MiB
2026-04-20 11:03:40,24.3 MiB,250 MiB,270 MiB,247 MiB,269 MiB,252 MiB,267 MiB,260 MiB,243 MiB,259 MiB,244 MiB,250 MiB,239 MiB,260 MiB,230 MiB,246 MiB,258 MiB,266 MiB
2026-04-20 11:03:45,24.5 MiB,212 MiB,273 MiB,244 MiB,247 MiB,253 MiB,254 MiB,252 MiB,243 MiB,257 MiB,254 MiB,254 MiB,248 MiB,253 MiB,244 MiB,246 MiB,253 MiB,251 MiB
2026-04-20 11:03:50,23.9 MiB,105 MiB,264 MiB,236 MiB,261 MiB,234 MiB,241 MiB,241 MiB,219 MiB,258 MiB,242 MiB,248 MiB,219 MiB,248 MiB,244 MiB,239 MiB,256 MiB,229 MiB
2026-04-20 11:03:55,24.3 MiB,244 MiB,278 MiB,243 MiB,248 MiB,245 MiB,237 MiB,248 MiB,248 MiB,266 MiB,248 MiB,261 MiB,232 MiB,256 MiB,251 MiB,257 MiB,264 MiB,229 MiB
2026-04-20 11:04:00,23.8 MiB,237 MiB,310 MiB,256 MiB,257 MiB,255 MiB,265 MiB,256 MiB,250 MiB,271 MiB,270 MiB,263 MiB,259 MiB,269 MiB,256 MiB,267 MiB,259 MiB,247 MiB
2026-04-20 11:04:05,24.3 MiB,230 MiB,296 MiB,264 MiB,271 MiB,264 MiB,259 MiB,262 MiB,252 MiB,265 MiB,255 MiB,259 MiB,257 MiB,268 MiB,245 MiB,263 MiB,264 MiB,254 MiB
2026-04-20 11:04:10,24.1 MiB,248 MiB,305 MiB,262 MiB,274 MiB,259 MiB,265 MiB,258 MiB,259 MiB,258 MiB,271 MiB,261 MiB,259 MiB,286 MiB,258 MiB,262 MiB,254 MiB,261 MiB
2026-04-20 11:04:15,23.7 MiB,254 MiB,279 MiB,256 MiB,258 MiB,264 MiB,263 MiB,266 MiB,257 MiB,272 MiB,274 MiB,262 MiB,265 MiB,269 MiB,256 MiB,267 MiB,271 MiB,248 MiB
2026-04-20 11:04:20,23.7 MiB,232 MiB,260 MiB,260 MiB,250 MiB,265 MiB,268 MiB,268 MiB,256 MiB,272 MiB,277 MiB,267 MiB,271 MiB,277 MiB,266 MiB,267 MiB,267 MiB,256 MiB
2026-04-20 11:04:25,23.6 MiB,239 MiB,261 MiB,266 MiB,267 MiB,268 MiB,270 MiB,271 MiB,265 MiB,276 MiB,279 MiB,268 MiB,281 MiB,284 MiB,267 MiB,281 MiB,264 MiB,267 MiB
2026-04-20 11:04:30,23.7 MiB,245 MiB,267 MiB,273 MiB,275 MiB,270 MiB,271 MiB,273 MiB,272 MiB,281 MiB,280 MiB,275 MiB,277 MiB,289 MiB,277 MiB,271 MiB,278 MiB,266 MiB
2026-04-20 11:04:35,24.3 MiB,168 MiB,293 MiB,274 MiB,261 MiB,253 MiB,273 MiB,246 MiB,262 MiB,282 MiB,277 MiB,262 MiB,263 MiB,267 MiB,258 MiB,255 MiB,268 MiB,269 MiB
2026-04-20 11:04:40,24 MiB,249 MiB,314 MiB,255 MiB,274 MiB,277 MiB,278 MiB,280 MiB,238 MiB,258 MiB,259 MiB,237 MiB,246 MiB,257 MiB,251 MiB,234 MiB,249 MiB,270 MiB
2026-04-20 11:04:45,23.5 MiB,236 MiB,270 MiB,244 MiB,250 MiB,248 MiB,247 MiB,255 MiB,247 MiB,259 MiB,244 MiB,245 MiB,247 MiB,246 MiB,248 MiB,249 MiB,250 MiB,248 MiB
2026-04-20 11:04:50,23.7 MiB,239 MiB,271 MiB,261 MiB,252 MiB,255 MiB,255 MiB,258 MiB,249 MiB,264 MiB,259 MiB,249 MiB,251 MiB,258 MiB,263 MiB,250 MiB,262 MiB,248 MiB
2026-04-20 11:04:55,23.7 MiB,151 MiB,268 MiB,245 MiB,247 MiB,237 MiB,244 MiB,242 MiB,232 MiB,256 MiB,244 MiB,241 MiB,236 MiB,244 MiB,246 MiB,242 MiB,238 MiB,235 MiB
2026-04-20 11:05:00,23.7 MiB,136 MiB,265 MiB,243 MiB,241 MiB,240 MiB,245 MiB,243 MiB,235 MiB,259 MiB,246 MiB,245 MiB,240 MiB,247 MiB,242 MiB,239 MiB,245 MiB,241 MiB
2026-04-20 11:05:05,23.8 MiB,152 MiB,263 MiB,251 MiB,245 MiB,246 MiB,254 MiB,247 MiB,242 MiB,256 MiB,244 MiB,250 MiB,247 MiB,247 MiB,253 MiB,249 MiB,245 MiB,242 MiB
2026-04-20 11:05:10,23.4 MiB,122 MiB,259 MiB,242 MiB,249 MiB,253 MiB,256 MiB,251 MiB,226 MiB,232 MiB,245 MiB,227 MiB,226 MiB,242 MiB,232 MiB,222 MiB,231 MiB,250 MiB
2026-04-20 11:05:15,23.4 MiB,134 MiB,238 MiB,227 MiB,221 MiB,229 MiB,232 MiB,233 MiB,226 MiB,234 MiB,225 MiB,232 MiB,226 MiB,229 MiB,230 MiB,224 MiB,234 MiB,228 MiB
2026-04-20 11:05:20,24.4 MiB,142 MiB,245 MiB,232 MiB,228 MiB,233 MiB,234 MiB,232 MiB,228 MiB,235 MiB,237 MiB,235 MiB,231 MiB,235 MiB,237 MiB,227 MiB,235 MiB,226 MiB
2026-04-20 11:05:25,24.4 MiB,142 MiB,245 MiB,229 MiB,230 MiB,234 MiB,230 MiB,231 MiB,229 MiB,235 MiB,238 MiB,235 MiB,232 MiB,245 MiB,238 MiB,227 MiB,235 MiB,234 MiB
2026-04-20 11:05:30,23.5 MiB,142 MiB,246 MiB,229 MiB,230 MiB,234 MiB,230 MiB,231 MiB,229 MiB,235 MiB,238 MiB,236 MiB,232 MiB,245 MiB,238 MiB,227 MiB,235 MiB,234 MiB
2026-04-20 11:05:35,23.8 MiB,142 MiB,247 MiB,229 MiB,231 MiB,234 MiB,231 MiB,231 MiB,229 MiB,235 MiB,239 MiB,236 MiB,232 MiB,246 MiB,238 MiB,228 MiB,234 MiB,234 MiB
2026-04-20 11:05:40,23.6 MiB,143 MiB,247 MiB,229 MiB,231 MiB,235 MiB,231 MiB,231 MiB,229 MiB,235 MiB,239 MiB,236 MiB,232 MiB,246 MiB,238 MiB,228 MiB,234 MiB,235 MiB
2026-04-20 11:05:45,24.2 MiB,143 MiB,248 MiB,230 MiB,232 MiB,235 MiB,213 MiB,231 MiB,230 MiB,235 MiB,240 MiB,237 MiB,232 MiB,246 MiB,238 MiB,228 MiB,234 MiB,235 MiB
2026-04-20 11:05:50,23.8 MiB,143 MiB,248 MiB,230 MiB,232 MiB,235 MiB,213 MiB,231 MiB,230 MiB,235 MiB,240 MiB,237 MiB,232 MiB,246 MiB,238 MiB,228 MiB,234 MiB,236 MiB
2026-04-20 11:05:55,23.6 MiB,143 MiB,248 MiB,230 MiB,232 MiB,236 MiB,213 MiB,231 MiB,231 MiB,235 MiB,240 MiB,237 MiB,232 MiB,246 MiB,238 MiB,228 MiB,234 MiB,236 MiB
2026-04-20 11:06:00,24.3 MiB,143 MiB,248 MiB,231 MiB,232 MiB,236 MiB,213 MiB,231 MiB,231 MiB,235 MiB,240 MiB,237 MiB,232 MiB,246 MiB,238 MiB,228 MiB,234 MiB,236 MiB
2026-04-20 11:06:05,24.2 MiB,143 MiB,248 MiB,231 MiB,232 MiB,236 MiB,213 MiB,231 MiB,231 MiB,235 MiB,240 MiB,237 MiB,233 MiB,235 MiB,238 MiB,228 MiB,235 MiB,238 MiB
2026-04-20 11:06:10,24.5 MiB,143 MiB,249 MiB,231 MiB,232 MiB,236 MiB,213 MiB,231 MiB,231 MiB,235 MiB,240 MiB,238 MiB,233 MiB,235 MiB,238 MiB,228 MiB,235 MiB,230 MiB
2026-04-20 11:06:15,24.5 MiB,147 MiB,249 MiB,231 MiB,232 MiB,236 MiB,213 MiB,232 MiB,214 MiB,234 MiB,228 MiB,231 MiB,233 MiB,235 MiB,238 MiB,228 MiB,235 MiB,230 MiB
2026-04-20 11:06:20,24.5 MiB,119 MiB,234 MiB,220 MiB,222 MiB,227 MiB,223 MiB,228 MiB,214 MiB,232 MiB,228 MiB,228 MiB,221 MiB,231 MiB,223 MiB,219 MiB,225 MiB,219 MiB
2026-04-20 11:06:25,24.5 MiB,138 MiB,240 MiB,220 MiB,224 MiB,221 MiB,225 MiB,222 MiB,216 MiB,233 MiB,228 MiB,221 MiB,222 MiB,231 MiB,230 MiB,225 MiB,229 MiB,225 MiB
2026-04-20 11:06:30,23.6 MiB,139 MiB,240 MiB,220 MiB,231 MiB,222 MiB,225 MiB,225 MiB,216 MiB,233 MiB,228 MiB,222 MiB,222 MiB,232 MiB,230 MiB,225 MiB,229 MiB,231 MiB
2026-04-20 11:06:35,23.6 MiB,139 MiB,240 MiB,221 MiB,231 MiB,222 MiB,225 MiB,225 MiB,216 MiB,233 MiB,228 MiB,222 MiB,222 MiB,232 MiB,231 MiB,225 MiB,229 MiB,231 MiB
2026-04-20 11:06:40,23.0 MiB,140 MiB,240 MiB,221 MiB,231 MiB,222 MiB,225 MiB,225 MiB,216 MiB,233 MiB,228 MiB,222 MiB,222 MiB,232 MiB,231 MiB,225 MiB,229 MiB,231 MiB
2026-04-20 11:06:45,23.5 MiB,133 MiB,237 MiB,226 MiB,231 MiB,221 MiB,226 MiB,225 MiB,216 MiB,228 MiB,231 MiB,221 MiB,221 MiB,231 MiB,219 MiB,224 MiB,218 MiB,232 MiB
2026-04-20 11:06:50,24.0 MiB,149 MiB,234 MiB,220 MiB,226 MiB,219 MiB,229 MiB,226 MiB,218 MiB,230 MiB,226 MiB,225 MiB,218 MiB,226 MiB,227 MiB,222 MiB,230 MiB,228 MiB
2026-04-20 11:06:55,24.0 MiB,117 MiB,228 MiB,222 MiB,223 MiB,217 MiB,225 MiB,227 MiB,217 MiB,228 MiB,229 MiB,226 MiB,218 MiB,226 MiB,227 MiB,225 MiB,226 MiB,228 MiB
2026-04-20 11:07:00,23.7 MiB,143 MiB,242 MiB,227 MiB,226 MiB,226 MiB,226 MiB,231 MiB,227 MiB,235 MiB,232 MiB,231 MiB,228 MiB,234 MiB,234 MiB,228 MiB,229 MiB,230 MiB
2026-04-20 11:07:05,23.4 MiB,113 MiB,246 MiB,233 MiB,231 MiB,233 MiB,234 MiB,229 MiB,221 MiB,237 MiB,231 MiB,234 MiB,225 MiB,236 MiB,232 MiB,228 MiB,227 MiB,233 MiB
2026-04-20 11:07:10,23.5 MiB,119 MiB,243 MiB,228 MiB,237 MiB,229 MiB,239 MiB,226 MiB,224 MiB,239 MiB,237 MiB,234 MiB,217 MiB,230 MiB,231 MiB,233 MiB,221 MiB,229 MiB
2026-04-20 11:07:15,23.3 MiB,120 MiB,243 MiB,228 MiB,237 MiB,225 MiB,239 MiB,226 MiB,225 MiB,239 MiB,237 MiB,234 MiB,217 MiB,230 MiB,231 MiB,233 MiB,221 MiB,226 MiB
2026-04-20 11:07:20,23.0 MiB,115 MiB,244 MiB,229 MiB,237 MiB,225 MiB,239 MiB,226 MiB,225 MiB,239 MiB,238 MiB,234 MiB,217 MiB,231 MiB,231 MiB,233 MiB,222 MiB,226 MiB
2026-04-20 11:07:25,23.6 MiB,115 MiB,244 MiB,229 MiB,224 MiB,225 MiB,239 MiB,227 MiB,225 MiB,239 MiB,238 MiB,234 MiB,217 MiB,231 MiB,232 MiB,233 MiB,223 MiB,227 MiB
2026-04-20 11:07:30,23.3 MiB,115 MiB,244 MiB,230 MiB,224 MiB,225 MiB,240 MiB,228 MiB,218 MiB,239 MiB,238 MiB,234 MiB,218 MiB,232 MiB,232 MiB,234 MiB,223 MiB,227 MiB
2026-04-20 11:07:35,23.1 MiB,115 MiB,244 MiB,230 MiB,224 MiB,225 MiB,240 MiB,228 MiB,218 MiB,239 MiB,239 MiB,234 MiB,218 MiB,233 MiB,233 MiB,235 MiB,223 MiB,228 MiB
2026-04-20 11:07:40,23.6 MiB,115 MiB,245 MiB,230 MiB,224 MiB,225 MiB,241 MiB,228 MiB,218 MiB,239 MiB,239 MiB,234 MiB,218 MiB,229 MiB,233 MiB,235 MiB,223 MiB,228 MiB
2026-04-20 11:07:45,23.6 MiB,115 MiB,245 MiB,229 MiB,224 MiB,225 MiB,242 MiB,228 MiB,218 MiB,239 MiB,239 MiB,234 MiB,218 MiB,229 MiB,233 MiB,235 MiB,223 MiB,228 MiB
2026-04-20 11:07:50,24.1 MiB,115 MiB,246 MiB,229 MiB,225 MiB,225 MiB,242 MiB,228 MiB,218 MiB,239 MiB,239 MiB,234 MiB,218 MiB,229 MiB,234 MiB,235 MiB,223 MiB,228 MiB
2026-04-20 11:07:55,24.3 MiB,115 MiB,246 MiB,229 MiB,225 MiB,225 MiB,242 MiB,228 MiB,218 MiB,239 MiB,239 MiB,234 MiB,218 MiB,229 MiB,234 MiB,234 MiB,224 MiB,228 MiB
2026-04-20 11:08:00,23.2 MiB,115 MiB,246 MiB,229 MiB,225 MiB,225 MiB,242 MiB,229 MiB,218 MiB,239 MiB,239 MiB,234 MiB,218 MiB,229 MiB,234 MiB,234 MiB,224 MiB,228 MiB
2026-04-20 11:08:05,23.4 MiB,115 MiB,246 MiB,229 MiB,225 MiB,225 MiB,230 MiB,229 MiB,218 MiB,239 MiB,239 MiB,235 MiB,218 MiB,229 MiB,234 MiB,234 MiB,224 MiB,228 MiB
2026-04-20 11:08:10,23.2 MiB,115 MiB,246 MiB,229 MiB,225 MiB,225 MiB,230 MiB,229 MiB,218 MiB,239 MiB,239 MiB,235 MiB,218 MiB,229 MiB,234 MiB,234 MiB,224 MiB,228 MiB
2026-04-20 11:08:15,23.7 MiB,115 MiB,346 MiB,229 MiB,225 MiB,225 MiB,230 MiB,229 MiB,218 MiB,239 MiB,239 MiB,235 MiB,218 MiB,229 MiB,234 MiB,234 MiB,224 MiB,228 MiB
2026-04-20 11:08:20,23.3 MiB,115 MiB,628 MiB,229 MiB,225 MiB,225 MiB,230 MiB,229 MiB,218 MiB,239 MiB,235 MiB,235 MiB,218 MiB,229 MiB,234 MiB,234 MiB,224 MiB,228 MiB
2026-04-20 11:08:25,23.5 MiB,115 MiB,1.23 GiB,229 MiB,225 MiB,225 MiB,230 MiB,216 MiB,218 MiB,239 MiB,235 MiB,235 MiB,218 MiB,229 MiB,234 MiB,234 MiB,224 MiB,228 MiB
2026-04-20 11:08:30,23.5 MiB,115 MiB,1.67 GiB,229 MiB,225 MiB,225 MiB,230 MiB,216 MiB,218 MiB,239 MiB,235 MiB,232 MiB,218 MiB,229 MiB,234 MiB,234 MiB,224 MiB,228 MiB
2026-04-20 11:08:35,23.6 MiB,115 MiB,2.06 GiB,229 MiB,225 MiB,225 MiB,230 MiB,216 MiB,218 MiB,225 MiB,235 MiB,232 MiB,210 MiB,229 MiB,234 MiB,234 MiB,224 MiB,228 MiB
2026-04-20 11:08:40,23.2 MiB,99.5 MiB,2.37 GiB,229 MiB,225 MiB,225 MiB,230 MiB,216 MiB,205 MiB,212 MiB,235 MiB,219 MiB,197 MiB,229 MiB,234 MiB,221 MiB,212 MiB,228 MiB
2026-04-20 11:08:45,24.2 MiB,95.4 MiB,2.92 GiB,207 MiB,203 MiB,191 MiB,207 MiB,197 MiB,196 MiB,203 MiB,213 MiB,210 MiB,188 MiB,207 MiB,212 MiB,212 MiB,202 MiB,197 MiB
2026-04-20 11:08:50,24.2 MiB,95.5 MiB,1.72 GiB,208 MiB,203 MiB,191 MiB,207 MiB,195 MiB,196 MiB,203 MiB,213 MiB,210 MiB,188 MiB,207 MiB,212 MiB,212 MiB,202 MiB,194 MiB
2026-04-20 11:08:55,23.9 MiB,95.5 MiB,1.67 GiB,208 MiB,182 MiB,191 MiB,208 MiB,195 MiB,196 MiB,203 MiB,213 MiB,210 MiB,188 MiB,207 MiB,212 MiB,212 MiB,202 MiB,194 MiB
2026-04-20 11:09:00,23.7 MiB,95.6 MiB,1.69 GiB,208 MiB,182 MiB,191 MiB,208 MiB,195 MiB,179 MiB,203 MiB,213 MiB,210 MiB,188 MiB,207 MiB,212 MiB,212 MiB,202 MiB,194 MiB
2026-04-20 11:09:05,24.0 MiB,95.8 MiB,1.72 GiB,208 MiB,182 MiB,191 MiB,208 MiB,195 MiB,179 MiB,204 MiB,213 MiB,210 MiB,188 MiB,207 MiB,212 MiB,212 MiB,202 MiB,194 MiB
2026-04-20 11:09:10,23.7 MiB,96.2 MiB,1.71 GiB,208 MiB,183 MiB,191 MiB,208 MiB,195 MiB,179 MiB,204 MiB,213 MiB,210 MiB,188 MiB,207 MiB,212 MiB,212 MiB,202 MiB,194 MiB
2026-04-20 11:09:15,24.0 MiB,97.5 MiB,1.68 GiB,208 MiB,183 MiB,191 MiB,209 MiB,195 MiB,179 MiB,205 MiB,213 MiB,211 MiB,188 MiB,207 MiB,212 MiB,212 MiB,203 MiB,194 MiB
2026-04-20 11:09:20,23.5 MiB,65.7 MiB,1.52 GiB,208 MiB,183 MiB,191 MiB,209 MiB,196 MiB,179 MiB,206 MiB,213 MiB,211 MiB,188 MiB,207 MiB,212 MiB,212 MiB,203 MiB,194 MiB
2026-04-20 11:09:25,24.0 MiB,66.3 MiB,1.48 GiB,208 MiB,183 MiB,191 MiB,209 MiB,196 MiB,179 MiB,206 MiB,213 MiB,211 MiB,188 MiB,192 MiB,212 MiB,212 MiB,203 MiB,194 MiB
2026-04-20 11:09:30,23.4 MiB,66.9 MiB,1.48 GiB,188 MiB,184 MiB,191 MiB,209 MiB,196 MiB,179 MiB,206 MiB,213 MiB,211 MiB,188 MiB,192 MiB,212 MiB,212 MiB,203 MiB,194 MiB
2026-04-20 11:09:35,23.5 MiB,67.6 MiB,1.44 GiB,188 MiB,184 MiB,191 MiB,209 MiB,196 MiB,180 MiB,206 MiB,213 MiB,211 MiB,188 MiB,192 MiB,212 MiB,186 MiB,203 MiB,194 MiB
2026-04-20 11:09:40,23.9 MiB,67.6 MiB,1.41 GiB,188 MiB,184 MiB,191 MiB,194 MiB,196 MiB,180 MiB,206 MiB,213 MiB,211 MiB,188 MiB,192 MiB,189 MiB,186 MiB,203 MiB,194 MiB
2026-04-20 11:09:45,23.7 MiB,68.1 MiB,1.40 GiB,188 MiB,184 MiB,191 MiB,194 MiB,196 MiB,180 MiB,206 MiB,213 MiB,211 MiB,188 MiB,192 MiB,189 MiB,186 MiB,203 MiB,194 MiB
2026-04-20 11:09:50,24.0 MiB,68.1 MiB,1.38 GiB,188 MiB,185 MiB,191 MiB,194 MiB,190 MiB,180 MiB,206 MiB,213 MiB,211 MiB,188 MiB,192 MiB,189 MiB,186 MiB,203 MiB,194 MiB
2026-04-20 11:09:55,24.3 MiB,68.1 MiB,1.38 GiB,188 MiB,185 MiB,191 MiB,194 MiB,190 MiB,180 MiB,206 MiB,213 MiB,211 MiB,188 MiB,192 MiB,189 MiB,186 MiB,182 MiB,194 MiB
2026-04-20 11:10:00,23.2 MiB,68.1 MiB,1.34 GiB,188 MiB,185 MiB,191 MiB,194 MiB,190 MiB,180 MiB,206 MiB,197 MiB,211 MiB,188 MiB,192 MiB,189 MiB,186 MiB,182 MiB,194 MiB
2026-04-20 11:10:05,23.6 MiB,68.1 MiB,1.34 GiB,188 MiB,185 MiB,191 MiB,194 MiB,190 MiB,180 MiB,194 MiB,197 MiB,211 MiB,188 MiB,192 MiB,191 MiB,186 MiB,182 MiB,194 MiB
2026-04-20 11:10:10,23.5 MiB,68.1 MiB,1.34 GiB,188 MiB,185 MiB,189 MiB,194 MiB,190 MiB,180 MiB,194 MiB,197 MiB,192 MiB,184 MiB,193 MiB,191 MiB,186 MiB,182 MiB,194 MiB
2026-04-20 11:10:15,23.8 MiB,68.1 MiB,1.34 GiB,189 MiB,185 MiB,189 MiB,194 MiB,190 MiB,180 MiB,194 MiB,197 MiB,192 MiB,184 MiB,193 MiB,191 MiB,186 MiB,182 MiB,194 MiB
2026-04-20 11:10:20,23.8 MiB,68.1 MiB,1.34 GiB,189 MiB,182 MiB,189 MiB,194 MiB,190 MiB,180 MiB,194 MiB,197 MiB,192 MiB,184 MiB,193 MiB,191 MiB,187 MiB,182 MiB,185 MiB
2026-04-20 11:10:25,23.3 MiB,68.1 MiB,1.41 GiB,189 MiB,182 MiB,189 MiB,194 MiB,190 MiB,179 MiB,194 MiB,197 MiB,192 MiB,184 MiB,193 MiB,191 MiB,187 MiB,182 MiB,185 MiB
2026-04-20 11:10:30,24.0 MiB,68.1 MiB,1.41 GiB,189 MiB,182 MiB,189 MiB,194 MiB,190 MiB,179 MiB,194 MiB,197 MiB,192 MiB,184 MiB,193 MiB,192 MiB,187 MiB,182 MiB,185 MiB
2026-04-20 11:10:35,24.0 MiB,68.9 MiB,1.38 GiB,189 MiB,182 MiB,189 MiB,194 MiB,190 MiB,179 MiB,194 MiB,197 MiB,192 MiB,184 MiB,193 MiB,192 MiB,187 MiB,182 MiB,185 MiB
2026-04-20 11:10:40,23.3 MiB,68.9 MiB,1.38 GiB,189 MiB,182 MiB,189 MiB,194 MiB,190 MiB,179 MiB,195 MiB,197 MiB,192 MiB,185 MiB,193 MiB,192 MiB,187 MiB,182 MiB,185 MiB
2026-04-20 11:10:45,23.5 MiB,68.9 MiB,1.38 GiB,189 MiB,182 MiB,189 MiB,194 MiB,190 MiB,179 MiB,195 MiB,197 MiB,192 MiB,185 MiB,193 MiB,192 MiB,187 MiB,182 MiB,186 MiB
2026-04-20 11:10:50,23.5 MiB,68.9 MiB,1.38 GiB,189 MiB,183 MiB,189 MiB,194 MiB,190 MiB,179 MiB,195 MiB,197 MiB,192 MiB,185 MiB,193 MiB,192 MiB,187 MiB,182 MiB,186 MiB
2026-04-20 11:10:55,23.2 MiB,68.9 MiB,1.38 GiB,189 MiB,183 MiB,189 MiB,194 MiB,190 MiB,179 MiB,196 MiB,197 MiB,192 MiB,185 MiB,192 MiB,192 MiB,187 MiB,182 MiB,186 MiB
2026-04-20 11:11:00,23.5 MiB,68.9 MiB,1.39 GiB,189 MiB,183 MiB,189 MiB,194 MiB,190 MiB,179 MiB,196 MiB,197 MiB,192 MiB,185 MiB,192 MiB,192 MiB,187 MiB,182 MiB,186 MiB
2026-04-20 11:11:05,23.6 MiB,68.9 MiB,1.39 GiB,187 MiB,183 MiB,189 MiB,194 MiB,190 MiB,179 MiB,196 MiB,197 MiB,192 MiB,185 MiB,192 MiB,192 MiB,186 MiB,182 MiB,186 MiB
2026-04-20 11:11:10,23.5 MiB,68.9 MiB,1.37 GiB,187 MiB,183 MiB,190 MiB,191 MiB,190 MiB,179 MiB,196 MiB,197 MiB,192 MiB,185 MiB,192 MiB,187 MiB,186 MiB,182 MiB,187 MiB
2026-04-20 11:11:15,23.5 MiB,68.9 MiB,1.37 GiB,187 MiB,183 MiB,190 MiB,191 MiB,190 MiB,180 MiB,196 MiB,197 MiB,192 MiB,185 MiB,192 MiB,187 MiB,186 MiB,183 MiB,187 MiB
2026-04-20 11:11:20,23.2 MiB,57.4 MiB,1.37 GiB,187 MiB,184 MiB,190 MiB,191 MiB,190 MiB,180 MiB,196 MiB,197 MiB,192 MiB,185 MiB,192 MiB,187 MiB,186 MiB,183 MiB,187 MiB
2026-04-20 11:11:25,23.1 MiB,57.6 MiB,1.37 GiB,187 MiB,184 MiB,190 MiB,191 MiB,190 MiB,180 MiB,196 MiB,197 MiB,192 MiB,185 MiB,192 MiB,187 MiB,186 MiB,183 MiB,187 MiB
2026-04-20 11:11:30,23.4 MiB,57.6 MiB,1.37 GiB,187 MiB,184 MiB,189 MiB,191 MiB,190 MiB,180 MiB,196 MiB,197 MiB,192 MiB,185 MiB,192 MiB,187 MiB,187 MiB,183 MiB,187 MiB
2026-04-20 11:11:35,23.4 MiB,57.6 MiB,1.37 GiB,188 MiB,184 MiB,189 MiB,191 MiB,190 MiB,180 MiB,194 MiB,197 MiB,192 MiB,185 MiB,192 MiB,187 MiB,187 MiB,183 MiB,187 MiB
2026-04-20 11:11:40,23.5 MiB,57.6 MiB,1.37 GiB,188 MiB,183 MiB,189 MiB,191 MiB,190 MiB,180 MiB,194 MiB,197 MiB,192 MiB,185 MiB,192 MiB,187 MiB,187 MiB,183 MiB,187 MiB
2026-04-20 11:11:45,23.8 MiB,57.6 MiB,1.38 GiB,188 MiB,183 MiB,189 MiB,191 MiB,190 MiB,180 MiB,195 MiB,197 MiB,192 MiB,184 MiB,192 MiB,187 MiB,187 MiB,183 MiB,187 MiB
2026-04-20 11:11:50,23.9 MiB,57.6 MiB,1.40 GiB,188 MiB,183 MiB,189 MiB,192 MiB,190 MiB,180 MiB,195 MiB,197 MiB,191 MiB,184 MiB,192 MiB,187 MiB,188 MiB,183 MiB,185 MiB
2026-04-20 11:11:55,24.0 MiB,57.7 MiB,1.43 GiB,189 MiB,183 MiB,189 MiB,192 MiB,190 MiB,180 MiB,195 MiB,197 MiB,191 MiB,184 MiB,192 MiB,187 MiB,188 MiB,183 MiB,185 MiB
2026-04-20 11:12:00,23.6 MiB,57.8 MiB,1.45 GiB,189 MiB,183 MiB,189 MiB,192 MiB,190 MiB,180 MiB,195 MiB,197 MiB,191 MiB,184 MiB,192 MiB,187 MiB,188 MiB,183 MiB,185 MiB
2026-04-20 11:12:05,24.0 MiB,57.8 MiB,1.45 GiB,189 MiB,183 MiB,189 MiB,192 MiB,190 MiB,180 MiB,195 MiB,197 MiB,191 MiB,184 MiB,192 MiB,187 MiB,188 MiB,183 MiB,185 MiB
2026-04-20 11:12:10,23.5 MiB,58.0 MiB,1.46 GiB,189 MiB,183 MiB,189 MiB,192 MiB,190 MiB,180 MiB,195 MiB,197 MiB,191 MiB,184 MiB,192 MiB,187 MiB,188 MiB,183 MiB,185 MiB
2026-04-20 11:12:15,24.2 MiB,58.0 MiB,1.46 GiB,189 MiB,183 MiB,189 MiB,192 MiB,190 MiB,180 MiB,195 MiB,197 MiB,191 MiB,184 MiB,192 MiB,187 MiB,188 MiB,183 MiB,185 MiB
2026-04-20 11:12:20,23.6 MiB,58.0 MiB,1.46 GiB,189 MiB,183 MiB,189 MiB,193 MiB,190 MiB,181 MiB,195 MiB,197 MiB,191 MiB,184 MiB,192 MiB,187 MiB,188 MiB,183 MiB,185 MiB
2026-04-20 11:12:25,23.7 MiB,58.0 MiB,1.48 GiB,189 MiB,183 MiB,189 MiB,194 MiB,190 MiB,181 MiB,195 MiB,197 MiB,191 MiB,184 MiB,193 MiB,187 MiB,188 MiB,183 MiB,185 MiB
2026-04-20 11:12:30,23.4 MiB,58.0 MiB,1.48 GiB,189 MiB,183 MiB,189 MiB,194 MiB,190 MiB,181 MiB,195 MiB,197 MiB,191 MiB,184 MiB,193 MiB,188 MiB,188 MiB,183 MiB,185 MiB
2026-04-20 11:12:35,23.4 MiB,58.0 MiB,1.48 GiB,188 MiB,183 MiB,189 MiB,191 MiB,190 MiB,181 MiB,195 MiB,197 MiB,192 MiB,184 MiB,193 MiB,188 MiB,188 MiB,183 MiB,185 MiB
2026-04-20 11:12:40,23.4 MiB,58.0 MiB,1.50 GiB,188 MiB,183 MiB,189 MiB,191 MiB,190 MiB,181 MiB,195 MiB,197 MiB,192 MiB,184 MiB,193 MiB,187 MiB,188 MiB,183 MiB,185 MiB
2026-04-20 11:12:45,23.4 MiB,58.6 MiB,1.50 GiB,188 MiB,183 MiB,189 MiB,191 MiB,190 MiB,182 MiB,196 MiB,197 MiB,193 MiB,184 MiB,193 MiB,187 MiB,188 MiB,183 MiB,186 MiB
2026-04-20 11:12:50,23.8 MiB,59.4 MiB,1.52 GiB,188 MiB,183 MiB,189 MiB,191 MiB,190 MiB,182 MiB,196 MiB,197 MiB,193 MiB,184 MiB,193 MiB,187 MiB,188 MiB,183 MiB,186 MiB
2026-04-20 11:12:55,23.5 MiB,59.4 MiB,1.54 GiB,188 MiB,183 MiB,189 MiB,191 MiB,190 MiB,182 MiB,194 MiB,197 MiB,193 MiB,185 MiB,193 MiB,187 MiB,188 MiB,183 MiB,186 MiB
2026-04-20 11:13:00,24.1 MiB,59.4 MiB,1.55 GiB,188 MiB,183 MiB,190 MiB,191 MiB,190 MiB,182 MiB,194 MiB,197 MiB,193 MiB,185 MiB,193 MiB,187 MiB,188 MiB,183 MiB,186 MiB
2026-04-20 11:13:05,23.3 MiB,61.6 MiB,1.61 GiB,188 MiB,183 MiB,190 MiB,191 MiB,190 MiB,182 MiB,194 MiB,197 MiB,194 MiB,185 MiB,193 MiB,187 MiB,188 MiB,183 MiB,186 MiB
2026-04-20 11:13:10,23.7 MiB,61.8 MiB,,189 MiB,184 MiB,191 MiB,193 MiB,191 MiB,183 MiB,196 MiB,198 MiB,195 MiB,186 MiB,194 MiB,189 MiB,190 MiB,184 MiB,187 MiB
2026-04-20 11:13:15,23.4 MiB,61.8 MiB,,189 MiB,184 MiB,191 MiB,193 MiB,192 MiB,184 MiB,196 MiB,199 MiB,193 MiB,186 MiB,194 MiB,189 MiB,190 MiB,184 MiB,188 MiB
2026-04-20 11:13:20,23.6 MiB,61.5 MiB,,189 MiB,184 MiB,191 MiB,193 MiB,192 MiB,184 MiB,196 MiB,199 MiB,193 MiB,186 MiB,194 MiB,189 MiB,190 MiB,184 MiB,188 MiB
2026-04-20 11:13:25,23.3 MiB,61.5 MiB,,191 MiB,184 MiB,194 MiB,193 MiB,192 MiB,186 MiB,198 MiB,201 MiB,195 MiB,188 MiB,197 MiB,191 MiB,192 MiB,186 MiB,188 MiB
2026-04-20 11:13:30,24.3 MiB,61.5 MiB,,191 MiB,186 MiB,194 MiB,196 MiB,194 MiB,186 MiB,198 MiB,201 MiB,195 MiB,188 MiB,197 MiB,191 MiB,192 MiB,186 MiB,190 MiB
2026-04-20 11:13:35,24.3 MiB,61.5 MiB,,192 MiB,186 MiB,194 MiB,196 MiB,194 MiB,186 MiB,199 MiB,201 MiB,195 MiB,188 MiB,197 MiB,191 MiB,192 MiB,187 MiB,190 MiB
2026-04-20 11:13:40,23.6 MiB,61.5 MiB,,192 MiB,186 MiB,194 MiB,196 MiB,194 MiB,186 MiB,199 MiB,201 MiB,195 MiB,188 MiB,197 MiB,191 MiB,192 MiB,187 MiB,190 MiB
2026-04-20 11:13:45,24.3 MiB,61.5 MiB,,192 MiB,186 MiB,194 MiB,196 MiB,194 MiB,186 MiB,199 MiB,201 MiB,195 MiB,188 MiB,197 MiB,191 MiB,192 MiB,187 MiB,190 MiB
2026-04-20 11:13:50,24.6 MiB,61.6 MiB,,192 MiB,186 MiB,194 MiB,196 MiB,194 MiB,186 MiB,199 MiB,201 MiB,195 MiB,188 MiB,197 MiB,191 MiB,192 MiB,187 MiB,190 MiB
2026-04-20 11:13:55,23.6 MiB,61.8 MiB,,192 MiB,186 MiB,194 MiB,196 MiB,194 MiB,186 MiB,199 MiB,201 MiB,195 MiB,188 MiB,198 MiB,191 MiB,183 MiB,187 MiB,190 MiB
2026-04-20 11:14:00,24.0 MiB,,,192 MiB,187 MiB,195 MiB,188 MiB,194 MiB,187 MiB,200 MiB,201 MiB,195 MiB,189 MiB,198 MiB,192 MiB,183 MiB,188 MiB,190 MiB